Solar Utility PV,,,,,,,,,,,,https://atb.nrel.gov/electricity/2024/utility-scale_pv,,,,,,,,,,,,,,,,,,,,,,,,,,,,,,,,,,,,,,,,,,,,,,,,,,,,,,,,,,,,,,,,,,,,,,,,,,,,,,,,,,,,,,,,,,,,,,,
,,,,,,,,,,,,,,,,,,,,Inputs,,,,,,,,,,,,,,,,,,,,,,,,,,,,,,,,,,,,,,,,,,,,,,,,,,,,,,,,,,,,,,,,,,,,,,,,,,,,,,,,,,,,,,,
,,,,,,,,,,,,,,,,,,,,Calculated,,,,,,,,,,,,,,,,,,,,,,,,,,,,,,,,,,,,,,,,,,,,,,,,,,,,,,,,,,,,,,,,,,,,,,,,,,,,,,,,,,,,,,,
,,,,,,,,,,,,,,,,,,,,Input from other tab,,,,,,,,,,,,,,,,,,,,,,,,,,,,,,,,,,,,,,,,,,,,,,,,,,,,,,,,,,,,,,,,,,,,,,,,,,,,,,,,,,,,,,,
,,,,,,,,,,,,,,,,,,,,,,,,,,,,,,,,,,,,,,,,,,,,,,,,,,,,,,,,,,,,,,,,,,,,,,,,,,,,,,,,,,,,,,,,,,,,,,,,,,,,,,,,,,,
,,,,,,,,,,,,,,,,,,,,,,,,,,,,,,,,,,,,,,,,,,,,,,,,,,,,,,,,,,,,,,,,,,,,,,,,,,,,,,,,,,,,,,,,,,,,,,,,,,,,,,,,,,,
,X,,,,,Assumptions,,,,,,,,,,,,,,,,,,,,,,,,,,,,,,,,,,,,,,,,,,,,,,,,,,,,,,,,,,,,,,,,,,,,,,,,,,,,,,,,,,,,,,,,,,,,,,,,,,,,,
,,,,,,,,,,,,,,,,,,,,,,,,,,,,,,,,,,,,,,,,,,,,,,,,,,,,,,,,,,,,,,,,,,,,,,,,,,,,,,,,,,,,,,,,,,,,,,,,,,,,,,,,,,,
,,,,,,,Technology,,Base Year:,,,2022,,,,,,,,,,,,,,,,,,,,,,,,,,,,,,,,,,,,,,,,,,,,,,,,,,,,,,,,,,,,,,,,,,,,,,,,,,,,,,,,,,,,,,,,,,,,,,,
,,,,,,,,,"All values are given in 2022 U.S. dollars, see references at the bottom of this worksheet for dollar year conversions where source dollar years don't match 2022.",,,,,,,,,,,,,,,,,,,,,,,,,,,,,,,,,,,,,,,,,,,,,,,,,,,,,,,,,,,,,,,,,,,,,,,,,,,,,,,,,,,,,,,,,,,,,,,,,,
,,,,,,,,,Utility Scale Solar Photovoltaic,,,,,,,,,,,,,,,,,,,,,,,,,,,,,,,,,,,,,,,,,,,,,,,,,,,,,,,,,,,,,,,,,,,,,,,,,,,,,,,,,,,,,,,,,,,,,,,,,,
,,,,,,,,,Representative plant is single-axis tracking with capacity of 100 MW DC,,,,,,,,,,,,,,,,,,,,,,,,,,,,,,,,,,,,,,,,,,,,,,,,,,,,,,,,,,,,,,,,,,,,,,,,,,,,,,,,,,,,,,,,,,,,,,,,,,
,,,,,,,,,"Overnight Capital Cost, Capacity Factor, Fixed O&M, and Variable O&M costs represent  ",,,,,,,,,,,,,,,,,,,,,,,,,,,,,,,,,,,,,,,,,,,,,,,,,,,,,,,,,,,,,,,,,,,,,,,,,,,,,,,,,,,,,,,,,,,,,,,,,,
,,,,,,,,,"$/kW AC, unlike the commercial and residential PV cases which are represented in $/kW DC.",,,,,,,,,,,,,,,,,,,,,,,,,,,,,,,,,,,,,,,,,,,,,,,,,,,,,,,,,,,,,,,,,,,,,,,,,,,,,,,,,,,,,,,,,,,,,,,,,,
,,,,,,,,,Capacity factors chosen here to reflect range across the continental U.S. in ReEDS.,,,,,,,,,,,,,,,,,,,,,,,,,,,,,,,,,,,,,,,,,,,,,,,,,,,,,,,,,,,,,,,,,,,,,,,,,,,,,,,,,,,,,,,,,,,,,,,,,,
,,,,,,,,,Available Capacity (GW),,,,,,,,,,,,,,,,,,,,,,,,,,,,,,,,,,,,,,,,,,,,,,,,,,,,,,,,,,,,,,,,,,,,,,,,,,,,,,,,,,,,,,,,,,,,,,,,,,
,,,,,,,,,,,,,,,,,,,,,,,,,,,,,,,,,,,,,,,,,,,,,,,,,,,,,,,,,,,,,,,,,,,,,,,,,,,,,,,,,,,,,,,,,,,,,,,,,,,,,,,,,,,
,,,,,,,,,,,,,,,,,,,,,,,,,,,,,,,,,,,,,,,,,,,,,,,,,,,,,,,,,,,,,,,,,,,,,,,,,,,,,,,,,,,,,,,,,,,,,,,,,,,,,,,,,,,
,,,,,,,,,"118,918",,,,,,,,,,,,,,,,,,,,,,,,,,,,,,,,,,,,,,,,,,,,,,,,,,,,,,,,,,,,,,,,,,,,,,,,,,,,,,,,,,,,,,,,,,,,,,,,,,
,,,,,,,,,,,,"ATB values reflect annual average capacity factor over life of plant including estimated degradation, starting at  0.7% per year, reducing to 0.2%, 0.5%, and 0.5% annual degradation by 2050 for the advanced, moderate, and conservative scenarios, respectively. Capacity factors also assume an energy yield gain of 20%, 10%, and 0% for advanced, moderate, and conservatives scenarios in 2035.",,,,,,,,,,,,,,,,,,,,,,,,,,,,,,,,,,,,,,,,,,,,,,,,,,,,,,,,,,,,,,,,,,,,,,,,,,,,,,,,,,,,,,,,,,,,,,,
,,,,,,,,,,,,,,,,,,,,,,,,,,,,,,,,,,,,,,,,,,,,,,,,,,,,,,,,,,,,,,,,,,,,,,,,,,,,,,,,,,,,,,,,,,,,,,,,,,,,,,,,,,,
,,,,,,,,,,,,,,,,,,,,,,,,,,,,,,,,,,,,,,,,,,,,,,,,,,,,,,,,,,,,,,,,,,,,,,,,,,,,,,,,,,,,,,,,,,,,,,,,,,,,,,,,,,,
,,,,,,,,,,,,,,,,,,,,,,,,,,,,,,,,,,,,,,,,,,,,,,,,,,,,,,,,,,,,,,,,,,,,,,,,,,,,,,,,,,,,,,,,,,,,,,,,,,,,,,,,,,,
,,,,,,,,,,,,,,,,,,,,,,,,,,,,,,,,,,,,,,,,,,,,,,,,,,,,,,,,,,,,,,,,,,,,,,,,,,,,,,,,,,,,,,,,,,,,,,,,,,,,,,,,,,,
,,,,,,,,,,,,,,,,,,,,,,,,,,,,,,,,,,,,,,,,,,,,,,,,,,,,,,,,,,,,,,,,,,,,,,,,,,,,,,,,,,,,,,,,,,,,,,,,,,,,,,,,,,,
,,,,,,,,,Technology Classification,Name,Tech,Resource,Scale,Maturity,,,,,,,,,,,,,,,,,,,,,,,,,,,,,,,,,,,,,,,,,,,,,,,,,,,,,,,,,,,,,,,,,,,,,,,,,,,,,,,,,,,,,,,,,,,,,
,,,,,,,,,,Utility PV - Class 1,Tracking PV,Class1,Utility,Y,,,,,,,,,,,,,,,,,,,,,,,,,,,,,,,,,,,,,,,,,,,,,,,,,,,,,,,,,,,,,,,,,,,,,,,,,,,,,,,,,,,,,,,,,,,,,
,,,,,,,,,,Utility PV - Class 2,Tracking PV,Class2,Utility,Y,,,,,,,,,,,,,,,,,,,,,,,,,,,,,,,,,,,,,,,,,,,,,,,,,,,,,,,,,,,,,,,,,,,,,,,,,,,,,,,,,,,,,,,,,,,,,
,,,,,,,,,,Utility PV - Class 3,Tracking PV,Class3,Utility,Y,,,,,,,,,,,,,,,,,,,,,,,,,,,,,,,,,,,,,,,,,,,,,,,,,,,,,,,,,,,,,,,,,,,,,,,,,,,,,,,,,,,,,,,,,,,,,
,,,,,,,,,,Utility PV - Class 4,Tracking PV,Class4,Utility,Y,,,,,,,,,,,,,,,,,,,,,,,,,,,,,,,,,,,,,,,,,,,,,,,,,,,,,,,,,,,,,,,,,,,,,,,,,,,,,,,,,,,,,,,,,,,,,
,,,,,,,,,,Utility PV - Class 5,Tracking PV,Class5,Utility,Y,,,,,,,,,,,,,,,,,,,,,,,,,,,,,,,,,,,,,,,,,,,,,,,,,,,,,,,,,,,,,,,,,,,,,,,,,,,,,,,,,,,,,,,,,,,,,
,,,,,,,,,,Utility PV - Class 6,Tracking PV,Class6,Utility,Y,,,,,,,,,,,,,,,,,,,,,,,,,,,,,,,,,,,,,,,,,,,,,,,,,,,,,,,,,,,,,,,,,,,,,,,,,,,,,,,,,,,,,,,,,,,,,
,,,,,,,,,,Utility PV - Class 7,Tracking PV,Class7,Utility,Y,,,,,,,,,,,,,,,,,,,,,,,,,,,,,,,,,,,,,,,,,,,,,,,,,,,,,,,,,,,,,,,,,,,,,,,,,,,,,,,,,,,,,,,,,,,,,
,,,,,,,,,,Utility PV - Class 8,Tracking PV,Class8,Utility,Y,,,,,,,,,,,,,,,,,,,,,,,,,,,,,,,,,,,,,,,,,,,,,,,,,,,,,,,,,,,,,,,,,,,,,,,,,,,,,,,,,,,,,,,,,,,,,
,,,,,,,,,,Utility PV - Class 9,Tracking PV,Class9,Utility,Y,,,,,,,,,,,,,,,,,,,,,,,,,,,,,,,,,,,,,,,,,,,,,,,,,,,,,,,,,,,,,,,,,,,,,,,,,,,,,,,,,,,,,,,,,,,,,
,,,,,,,,,,Utility PV - Class 10,Tracking PV,Class10,Utility,Y,,,,,,,,,,,,,,,,,,,,,,,,,,,,,,,,,,,,,,,,,,,,,,,,,,,,,,,,,,,,,,,,,,,,,,,,,,,,,,,,,,,,,,,,,,,,,
,,,,,,,,,,,,,,,,,,,,,,,,,,,,,,,,,,,,,,,,,,,,,,,,,,,,,,,,,,,,,,,,,,,,,,,,,,,,,,,,,,,,,,,,,,,,,,,,,,,,,,,,,,,
,,,,,,,Finance,,Financial Assumptions:,,,,,,,,,,,,,,,,,,,,,,,,,,,,,,,,,,,,,,,,,,,,,,,,,,,,,,,,,,,,,,,,,,,,,,,,,,,,,,,,,,,,,,,,,,,,,,,,,,
,,,,,,,,,Capital Recovery Period (Years),,,,,30 ,,Financial Case,,R&D,,,,,,,,,,,,,,,,,,,,,,,,,,,,,,,,,,,,,,,,,,,,,,,,,,,,,,,,,,,,,,,,,,,,,,,,,,,,,,,,,,,,,,,,,
,,,,,,,,,Depreciation Period,,,,,5 ,,Capital Recovery Period,,30 ,,,,,,,,,,,,,,,,,,,,,,,,,,,,,,,,,,,,,,,,,,,,,,,,,,,,,,,,,,,,,,,,,,,,,,,,,,,,,,,,,,,,,,,,,
,,,,,,,,,Equity Premium During Construction,,,,,2.0%,,,,,,,,,,,,,,,,,,,,,,,,,,,,,,,,,,,,,,,,,,,,,,,,,,,,,,,,,,,,,,,,,,,,,,,,,,,,,,,,,,,,,,,,,,,,,
,,,,,,,,,Construction Duration yrs,,,,,1,,,,,,,,,,,,,,,,,,,,,,,,,,,,,,,,,,,,,,,,,,,,,,,,,,,,,,,,,,,,,,,,,,,,,,,,,,,,,,,,,,,,,,,,,,,,,
,,,,,,,,,Year,Capital,Percent of Leverage During Construction,Percent of Equity During Construction,,,,,,,,,,,,,,,,,,,,,,,,,,,,,,,,,,,,,,,,,,,,,,,,,,,,,,,,,,,,,,,,,,,,,,,,,,,,,,,,,,,,,,,,,,,,,,,
,,,,,,,,,Index,Fraction,,,,,,,,,,,,,,,,,,,,,,,,,,,,,,,,,,,,,,,,,,,,,,,,,,,,,,,,,,,,,,,,,,,,,,,,,,,,,,,,,,,,,,,,,,,,,,,,,
,,,,,,,,,,,,,,,,,,,,,,,,,,,,,,,,,,,,,,,,,,,,,,,,,,,,,,,,,,,,,,,,,,,,,,,,,,,,,,,,,,,,,,,,,,,,,,,,,,,,,,,,,,,
,,,,,,,,,,,,,,,,,,,,,,,,,,,,,,,,,,,,,,,,,,,,,,,,,,,,,,,,,,,,,,,,,,,,,,,,,,,,,,,,,,,,,,,,,,,,,,,,,,,,,,,,,,,
,,,,,,,,,0 ,100%,80%,20%,,,,,,,,,,,,,,,,,,,,,,,,,,,,,,,,,,,,,,,,,,,,,,,,,,,,,,,,,,,,,,,,,,,,,,,,,,,,,,,,,,,,,,,,,,,,,,,
,,,,,,,,,1 ,0%,80%,20%,,,,,,,,,,,,,,,,,,,,,,,,,,,,,,,,,,,,,,,,,,,,,,,,,,,,,,,,,,,,,,,,,,,,,,,,,,,,,,,,,,,,,,,,,,,,,,,
,,,,,,,,,2 ,0%,80%,20%,,,,,,,,,,,,,,,,,,,,,,,,,,,,,,,,,,,,,,,,,,,,,,,,,,,,,,,,,,,,,,,,,,,,,,,,,,,,,,,,,,,,,,,,,,,,,,,
,,,,,,,,,,,,,,,,,,,,,,,,,,,,,,,,,,,,,,,,,,,,,,,,,,,,,,,,,,,,,,,,,,,,,,,,,,,,,,,,,,,,,,,,,,,,,,,,,,,,,,,,,,,
,,,,,,,,,,,,2022,2023,2024,2025,2026,2027,2028,2029,2030,2031,2032,2033,2034,2035,2036,2037,2038,2039,2040,2041,2042,2043,2044,2045,2046,2047,2048,2049,2050,,,,,,,,,,,,,,,,,,,,,,,,,,,,,,,,,,,,,,,,,,,,,,,,,,,,,,,,,,,,,,,,,,,
,,,,,,,,,Assumptions,Inflation Rate,*,2.5%,2.5%,2.5%,2.5%,2.5%,2.5%,2.5%,2.5%,2.5%,2.5%,2.5%,2.5%,2.5%,2.5%,2.5%,2.5%,2.5%,2.5%,2.5%,2.5%,2.5%,2.5%,2.5%,2.5%,2.5%,2.5%,2.5%,2.5%,2.5%,,,,,,,,,,,,,,,,,,,,,,,,,,,,,,,,,,,,,,,,,,,,,,,,,,,,,,,,,,,,,,,,,,,
,,,,,,,,,,Interest Rate Nominal,Advanced,7.0%,7.0%,7.0%,7.0%,7.0%,7.0%,7.0%,7.0%,7.0%,7.0%,7.0%,7.0%,7.0%,7.0%,7.0%,7.0%,7.0%,7.0%,7.0%,7.0%,7.0%,7.0%,7.0%,7.0%,7.0%,7.0%,7.0%,7.0%,7.0%,,,,,,,,,,,,,,,,,,,,,,,,,,,,,,,,,,,,,,,,,,,,,,,,,,,,,,,,,,,,,,,,,,,
,,,,,,,,,,Interest Rate Nominal,Moderate,7.0%,7.0%,7.0%,7.0%,7.0%,7.0%,7.0%,7.0%,7.0%,7.0%,7.0%,7.0%,7.0%,7.0%,7.0%,7.0%,7.0%,7.0%,7.0%,7.0%,7.0%,7.0%,7.0%,7.0%,7.0%,7.0%,7.0%,7.0%,7.0%,,,,,,,,,,,,,,,,,,,,,,,,,,,,,,,,,,,,,,,,,,,,,,,,,,,,,,,,,,,,,,,,,,,
,,,,,,,,,,Interest Rate Nominal,Conservative,7.0%,7.0%,7.0%,7.0%,7.0%,7.0%,7.0%,7.0%,7.0%,7.0%,7.0%,7.0%,7.0%,7.0%,7.0%,7.0%,7.0%,7.0%,7.0%,7.0%,7.0%,7.0%,7.0%,7.0%,7.0%,7.0%,7.0%,7.0%,7.0%,,,,,,,,,,,,,,,,,,,,,,,,,,,,,,,,,,,,,,,,,,,,,,,,,,,,,,,,,,,,,,,,,,,
,,,,,,,,,,Calculated Interest Rate Real,Advanced,4.4%,4.4%,4.4%,4.4%,4.4%,4.4%,4.4%,4.4%,4.4%,4.4%,4.4%,4.4%,4.4%,4.4%,4.4%,4.4%,4.4%,4.4%,4.4%,4.4%,4.4%,4.4%,4.4%,4.4%,4.4%,4.4%,4.4%,4.4%,4.4%,,,,,,,,,,,,,,,,,,,,,,,,,,,,,,,,,,,,,,,,,,,,,,,,,,,,,,,,,,,,,,,,,,,
,,,,,,,,,,Calculated Interest Rate Real,Moderate,4.4%,4.4%,4.4%,4.4%,4.4%,4.4%,4.4%,4.4%,4.4%,4.4%,4.4%,4.4%,4.4%,4.4%,4.4%,4.4%,4.4%,4.4%,4.4%,4.4%,4.4%,4.4%,4.4%,4.4%,4.4%,4.4%,4.4%,4.4%,4.4%,,,,,,,,,,,,,,,,,,,,,,,,,,,,,,,,,,,,,,,,,,,,,,,,,,,,,,,,,,,,,,,,,,,
,,,,,,,,,,Calculated Interest Rate Real,Conservative,4.4%,4.4%,4.4%,4.4%,4.4%,4.4%,4.4%,4.4%,4.4%,4.4%,4.4%,4.4%,4.4%,4.4%,4.4%,4.4%,4.4%,4.4%,4.4%,4.4%,4.4%,4.4%,4.4%,4.4%,4.4%,4.4%,4.4%,4.4%,4.4%,,,,,,,,,,,,,,,,,,,,,,,,,,,,,,,,,,,,,,,,,,,,,,,,,,,,,,,,,,,,,,,,,,,
,,,,,,,,,,Interest During Construction - Nominal,*,6.5%,6.5%,6.5%,6.5%,6.5%,6.5%,6.5%,6.5%,6.5%,6.5%,6.5%,6.5%,6.5%,6.5%,6.5%,6.5%,6.5%,6.5%,6.5%,6.5%,6.5%,6.5%,6.5%,6.5%,6.5%,6.5%,6.5%,6.5%,6.5%,,,,,,,,,,,,,,,,,,,,,,,,,,,,,,,,,,,,,,,,,,,,,,,,,,,,,,,,,,,,,,,,,,,
,,,,,,,,,,Rate of Return on Equity Nominal,Advanced,8.5%,8.5%,8.5%,8.5%,8.5%,8.5%,8.5%,8.5%,8.5%,8.5%,8.5%,8.5%,8.5%,8.5%,8.5%,8.5%,8.5%,8.5%,8.5%,8.5%,8.5%,8.5%,8.5%,8.5%,8.5%,8.5%,8.5%,8.5%,8.5%,,,,,,,,,,,,,,,,,,,,,,,,,,,,,,,,,,,,,,,,,,,,,,,,,,,,,,,,,,,,,,,,,,,
,,,,,,,,,,Rate of Return on Equity Nominal,Moderate,8.5%,8.5%,8.5%,8.5%,8.5%,8.5%,8.5%,8.5%,8.5%,8.5%,8.5%,8.5%,8.5%,8.5%,8.5%,8.5%,8.5%,8.5%,8.5%,8.5%,8.5%,8.5%,8.5%,8.5%,8.5%,8.5%,8.5%,8.5%,8.5%,,,,,,,,,,,,,,,,,,,,,,,,,,,,,,,,,,,,,,,,,,,,,,,,,,,,,,,,,,,,,,,,,,,
,,,,,,,,,,Rate of Return on Equity Nominal,Conservative,8.5%,8.5%,8.5%,8.5%,8.5%,8.5%,8.5%,8.5%,8.5%,8.5%,8.5%,8.5%,8.5%,8.5%,8.5%,8.5%,8.5%,8.5%,8.5%,8.5%,8.5%,8.5%,8.5%,8.5%,8.5%,8.5%,8.5%,8.5%,8.5%,,,,,,,,,,,,,,,,,,,,,,,,,,,,,,,,,,,,,,,,,,,,,,,,,,,,,,,,,,,,,,,,,,,
,,,,,,,,,,Calculated Rate of Return on Equity Real,Advanced,5.9%,5.9%,5.9%,5.9%,5.9%,5.9%,5.9%,5.9%,5.9%,5.9%,5.9%,5.9%,5.9%,5.9%,5.9%,5.9%,5.9%,5.9%,5.9%,5.9%,5.9%,5.9%,5.9%,5.9%,5.9%,5.9%,5.9%,5.9%,5.9%,,,,,,,,,,,,,,,,,,,,,,,,,,,,,,,,,,,,,,,,,,,,,,,,,,,,,,,,,,,,,,,,,,,
,,,,,,,,,,Calculated Rate of Return on Equity Real,Moderate,5.9%,5.9%,5.9%,5.9%,5.9%,5.9%,5.9%,5.9%,5.9%,5.9%,5.9%,5.9%,5.9%,5.9%,5.9%,5.9%,5.9%,5.9%,5.9%,5.9%,5.9%,5.9%,5.9%,5.9%,5.9%,5.9%,5.9%,5.9%,5.9%,,,,,,,,,,,,,,,,,,,,,,,,,,,,,,,,,,,,,,,,,,,,,,,,,,,,,,,,,,,,,,,,,,,
,,,,,,,,,,Calculated Rate of Return on Equity Real,Conservative,5.9%,5.9%,5.9%,5.9%,5.9%,5.9%,5.9%,5.9%,5.9%,5.9%,5.9%,5.9%,5.9%,5.9%,5.9%,5.9%,5.9%,5.9%,5.9%,5.9%,5.9%,5.9%,5.9%,5.9%,5.9%,5.9%,5.9%,5.9%,5.9%,,,,,,,,,,,,,,,,,,,,,,,,,,,,,,,,,,,,,,,,,,,,,,,,,,,,,,,,,,,,,,,,,,,
,,,,,,,,,,Debt Fraction,Advanced,75.3%,75.3%,75.3%,75.3%,75.3%,75.3%,75.3%,75.3%,75.3%,75.3%,75.3%,75.3%,75.3%,75.3%,75.3%,75.3%,75.3%,75.3%,75.3%,75.3%,75.3%,75.3%,75.3%,75.3%,75.3%,75.3%,75.3%,75.3%,75.3%,,,,,,,,,,,,,,,,,,,,,,,,,,,,,,,,,,,,,,,,,,,,,,,,,,,,,,,,,,,,,,,,,,,
,,,,,,,,,,Debt Fraction,Moderate,75.3%,75.3%,75.3%,75.3%,75.3%,75.3%,75.3%,75.3%,75.3%,75.3%,75.3%,75.3%,75.3%,75.3%,75.3%,75.3%,75.3%,75.3%,75.3%,75.3%,75.3%,75.3%,75.3%,75.3%,75.3%,75.3%,75.3%,75.3%,75.3%,,,,,,,,,,,,,,,,,,,,,,,,,,,,,,,,,,,,,,,,,,,,,,,,,,,,,,,,,,,,,,,,,,,
,,,,,,,,,,Debt Fraction,Conservative,75.3%,75.3%,75.3%,75.3%,75.3%,75.3%,75.3%,75.3%,75.3%,75.3%,75.3%,75.3%,75.3%,75.3%,75.3%,75.3%,75.3%,75.3%,75.3%,75.3%,75.3%,75.3%,75.3%,75.3%,75.3%,75.3%,75.3%,75.3%,75.3%,,,,,,,,,,,,,,,,,,,,,,,,,,,,,,,,,,,,,,,,,,,,,,,,,,,,,,,,,,,,,,,,,,,
,,,,,,,,,,Tax Rate (Federal and State),*,25.7%,25.7%,25.7%,25.7%,25.7%,25.7%,25.7%,25.7%,25.7%,25.7%,25.7%,25.7%,25.7%,25.7%,25.7%,25.7%,25.7%,25.7%,25.7%,25.7%,25.7%,25.7%,25.7%,25.7%,25.7%,25.7%,25.7%,25.7%,25.7%,,,,,,,,,,,,,,,,,,,,,,,,,,,,,,,,,,,,,,,,,,,,,,,,,,,,,,,,,,,,,,,,,,,
,,,,,,,,,,WACC Nominal,Advanced,6.0%,6.0%,6.0%,6.0%,6.0%,6.0%,6.0%,6.0%,6.0%,6.0%,6.0%,6.0%,6.0%,6.0%,6.0%,6.0%,6.0%,6.0%,6.0%,6.0%,6.0%,6.0%,6.0%,6.0%,6.0%,6.0%,6.0%,6.0%,6.0%,,,,,,,,,,,,,,,,,,,,,,,,,,,,,,,,,,,,,,,,,,,,,,,,,,,,,,,,,,,,,,,,,,,
,,,,,,,,,,WACC Nominal,Moderate,6.0%,6.0%,6.0%,6.0%,6.0%,6.0%,6.0%,6.0%,6.0%,6.0%,6.0%,6.0%,6.0%,6.0%,6.0%,6.0%,6.0%,6.0%,6.0%,6.0%,6.0%,6.0%,6.0%,6.0%,6.0%,6.0%,6.0%,6.0%,6.0%,,,,,,,,,,,,,,,,,,,,,,,,,,,,,,,,,,,,,,,,,,,,,,,,,,,,,,,,,,,,,,,,,,,
,,,,,,,,,,WACC Nominal,Conservative,6.0%,6.0%,6.0%,6.0%,6.0%,6.0%,6.0%,6.0%,6.0%,6.0%,6.0%,6.0%,6.0%,6.0%,6.0%,6.0%,6.0%,6.0%,6.0%,6.0%,6.0%,6.0%,6.0%,6.0%,6.0%,6.0%,6.0%,6.0%,6.0%,,,,,,,,,,,,,,,,,,,,,,,,,,,,,,,,,,,,,,,,,,,,,,,,,,,,,,,,,,,,,,,,,,,
,,,,,,,,,,WACC Real,Advanced,3.4%,3.4%,3.4%,3.4%,3.4%,3.4%,3.4%,3.4%,3.4%,3.4%,3.4%,3.4%,3.4%,3.4%,3.4%,3.4%,3.4%,3.4%,3.4%,3.4%,3.4%,3.4%,3.4%,3.4%,3.4%,3.4%,3.4%,3.4%,3.4%,,,,,,,,,,,,,,,,,,,,,,,,,,,,,,,,,,,,,,,,,,,,,,,,,,,,,,,,,,,,,,,,,,,
,,,,,,,,,,WACC Real,Moderate,3.4%,3.4%,3.4%,3.4%,3.4%,3.4%,3.4%,3.4%,3.4%,3.4%,3.4%,3.4%,3.4%,3.4%,3.4%,3.4%,3.4%,3.4%,3.4%,3.4%,3.4%,3.4%,3.4%,3.4%,3.4%,3.4%,3.4%,3.4%,3.4%,,,,,,,,,,,,,,,,,,,,,,,,,,,,,,,,,,,,,,,,,,,,,,,,,,,,,,,,,,,,,,,,,,,
,,,,,,,,,,WACC Real,Conservative,3.4%,3.4%,3.4%,3.4%,3.4%,3.4%,3.4%,3.4%,3.4%,3.4%,3.4%,3.4%,3.4%,3.4%,3.4%,3.4%,3.4%,3.4%,3.4%,3.4%,3.4%,3.4%,3.4%,3.4%,3.4%,3.4%,3.4%,3.4%,3.4%,,,,,,,,,,,,,,,,,,,,,,,,,,,,,,,,,,,,,,,,,,,,,,,,,,,,,,,,,,,,,,,,,,,
,,,,,,,,,,Capital Recovery Factor (CRF) Nominal,Advanced,7.3%,7.3%,7.3%,7.3%,7.3%,7.3%,7.3%,7.3%,7.3%,7.3%,7.3%,7.3%,7.3%,7.3%,7.3%,7.3%,7.3%,7.3%,7.3%,7.3%,7.3%,7.3%,7.3%,7.3%,7.3%,7.3%,7.3%,7.3%,7.3%,,,,,,,,,,,,,,,,,,,,,,,,,,,,,,,,,,,,,,,,,,,,,,,,,,,,,,,,,,,,,,,,,,,
,,,,,,,,,,Capital Recovery Factor (CRF) Nominal,Moderate,7.3%,7.3%,7.3%,7.3%,7.3%,7.3%,7.3%,7.3%,7.3%,7.3%,7.3%,7.3%,7.3%,7.3%,7.3%,7.3%,7.3%,7.3%,7.3%,7.3%,7.3%,7.3%,7.3%,7.3%,7.3%,7.3%,7.3%,7.3%,7.3%,,,,,,,,,,,,,,,,,,,,,,,,,,,,,,,,,,,,,,,,,,,,,,,,,,,,,,,,,,,,,,,,,,,
,,,,,,,,,,Capital Recovery Factor (CRF) Nominal,Conservative,7.3%,7.3%,7.3%,7.3%,7.3%,7.3%,7.3%,7.3%,7.3%,7.3%,7.3%,7.3%,7.3%,7.3%,7.3%,7.3%,7.3%,7.3%,7.3%,7.3%,7.3%,7.3%,7.3%,7.3%,7.3%,7.3%,7.3%,7.3%,7.3%,,,,,,,,,,,,,,,,,,,,,,,,,,,,,,,,,,,,,,,,,,,,,,,,,,,,,,,,,,,,,,,,,,,
,,,,,,,,,,Capital Recovery Factor (CRF) Real,Advanced,5.4%,5.4%,5.4%,5.4%,5.4%,5.4%,5.4%,5.4%,5.4%,5.4%,5.4%,5.4%,5.4%,5.4%,5.4%,5.4%,5.4%,5.4%,5.4%,5.4%,5.4%,5.4%,5.4%,5.4%,5.4%,5.4%,5.4%,5.4%,5.4%,,,,,,,,,,,,,,,,,,,,,,,,,,,,,,,,,,,,,,,,,,,,,,,,,,,,,,,,,,,,,,,,,,,
,,,,,,,,,,Capital Recovery Factor (CRF) Real,Moderate,5.4%,5.4%,5.4%,5.4%,5.4%,5.4%,5.4%,5.4%,5.4%,5.4%,5.4%,5.4%,5.4%,5.4%,5.4%,5.4%,5.4%,5.4%,5.4%,5.4%,5.4%,5.4%,5.4%,5.4%,5.4%,5.4%,5.4%,5.4%,5.4%,,,,,,,,,,,,,,,,,,,,,,,,,,,,,,,,,,,,,,,,,,,,,,,,,,,,,,,,,,,,,,,,,,,
,,,,,,,,,,Capital Recovery Factor (CRF) Real,Conservative,5.4%,5.4%,5.4%,5.4%,5.4%,5.4%,5.4%,5.4%,5.4%,5.4%,5.4%,5.4%,5.4%,5.4%,5.4%,5.4%,5.4%,5.4%,5.4%,5.4%,5.4%,5.4%,5.4%,5.4%,5.4%,5.4%,5.4%,5.4%,5.4%,,,,,,,,,,,,,,,,,,,,,,,,,,,,,,,,,,,,,,,,,,,,,,,,,,,,,,,,,,,,,,,,,,,
,,,,,,,,,,,,,,,,,,,,,,,,,,,,,,,,,,,,,,,,,,,,,,,,,,,,,,,,,,,,,,,,,,,,,,,,,,,,,,,,,,,,,,,,,,,,,,,,,,,,,,,,,,,
,,,,,,,,,,,,,,,,,,,,,,,,,,,,,,,,,,,,,,,,,,,,,,,,,,,,,,,,,,,,,,,,,,,,,,,,,,,,,,,,,,,,,,,,,,,,,,,,,,,,,,,,,,,
,,,X,,,Future Projections,,,,,,,,,,,,,,,,,,,,,,,,,,,,,,,,,,,,,,,,,,,,,,,,,,,,,,,,,,,,,,,,,,,,,,,,,,,,,,,,,,,,,,,,,,,,,,,,,,,,,
,,,,,,,,,,,,Base Year,,,,,,,,,,,,,,,,,,,,,,,,,,,,,,,,,,,,,,,,,,,,,,,,,,,,,,,,,,,,,,,,,,,,,,,,,,,,,,,,,,,,,,,,,,,,,,,
,,,,,,,,,,,,2022,2023,2024,2025,2026,2027,2028,2029,2030,2031,2032,2033,2034,2035,2036,2037,2038,2039,2040,2041,2042,2043,2044,2045,2046,2047,2048,2049,2050,,,,,,,,,,,,,,,,,,,,,,,,,,,,,,,,,,,,,,,,,,,,,,,,,,,,,,,,,,,,,,,,,,,
,,,,,,,Techno-Economic Cost and Performance Parameters,,Net Capacity Factor (%),Utility PV - Class 1,Advanced,32%,32%,32%,33%,33%,33%,34%,34%,34%,34%,35%,35%,35%,36%,36%,36%,36%,36%,36%,36%,37%,37%,37%,37%,37%,37%,37%,37%,38%,,,,,,,,,,,,,,,,,,,,,,,,,,,,,,,,,,,,,,,,,,,,,,,,,,,,,,,,,,,,,,,,,,,
,,,,,,,,,,Utility PV - Class 1,Moderate,31%,32%,32%,32%,32%,32%,33%,33%,33%,33%,33%,33%,34%,34%,34%,34%,34%,34%,34%,35%,35%,35%,35%,35%,35%,35%,35%,36%,36%,,,,,,,,,,,,,,,,,,,,,,,,,,,,,,,,,,,,,,,,,,,,,,,,,,,,,,,,,,,,,,,,,,,
,,,,,,,,,,Utility PV - Class 1,Conservative,31%,31%,31%,31%,31%,31%,31%,31%,31%,31%,31%,31%,31%,31%,31%,32%,32%,32%,32%,32%,32%,33%,33%,33%,33%,33%,33%,34%,34%,,,,,,,,,,,,,,,,,,,,,,,,,,,,,,,,,,,,,,,,,,,,,,,,,,,,,,,,,,,,,,,,,,,
,,,,,,,,,,Utility PV - Class 2,Advanced,31%,31%,31%,31%,32%,32%,32%,33%,33%,33%,34%,34%,34%,34%,35%,35%,35%,35%,35%,35%,35%,35%,36%,36%,36%,36%,36%,36%,36%,,,,,,,,,,,,,,,,,,,,,,,,,,,,,,,,,,,,,,,,,,,,,,,,,,,,,,,,,,,,,,,,,,,
,,,,,,,,,,Utility PV - Class 2,Moderate,30%,31%,31%,31%,31%,31%,31%,32%,32%,32%,32%,32%,32%,33%,33%,33%,33%,33%,33%,33%,34%,34%,34%,34%,34%,34%,34%,34%,34%,,,,,,,,,,,,,,,,,,,,,,,,,,,,,,,,,,,,,,,,,,,,,,,,,,,,,,,,,,,,,,,,,,,
,,,,,,,,,,Utility PV - Class 2,Conservative,30%,30%,30%,30%,30%,30%,30%,30%,30%,30%,30%,30%,30%,30%,30%,31%,31%,31%,31%,31%,31%,32%,32%,32%,32%,32%,32%,33%,33%,,,,,,,,,,,,,,,,,,,,,,,,,,,,,,,,,,,,,,,,,,,,,,,,,,,,,,,,,,,,,,,,,,,
,,,,,,,,,,Utility PV - Class 3,Advanced,29%,29%,30%,30%,30%,31%,31%,31%,32%,32%,32%,32%,33%,33%,33%,33%,33%,33%,34%,34%,34%,34%,34%,34%,34%,34%,34%,35%,35%,,,,,,,,,,,,,,,,,,,,,,,,,,,,,,,,,,,,,,,,,,,,,,,,,,,,,,,,,,,,,,,,,,,
,,,,,,,,,,Utility PV - Class 3,Moderate,29%,29%,29%,30%,30%,30%,30%,30%,30%,31%,31%,31%,31%,31%,31%,31%,32%,32%,32%,32%,32%,32%,32%,32%,33%,33%,33%,33%,33%,,,,,,,,,,,,,,,,,,,,,,,,,,,,,,,,,,,,,,,,,,,,,,,,,,,,,,,,,,,,,,,,,,,
,,,,,,,,,,Utility PV - Class 3,Conservative,29%,29%,29%,29%,29%,29%,29%,29%,29%,29%,29%,29%,29%,29%,29%,29%,29%,29%,30%,30%,30%,30%,30%,30%,31%,31%,31%,31%,31%,,,,,,,,,,,,,,,,,,,,,,,,,,,,,,,,,,,,,,,,,,,,,,,,,,,,,,,,,,,,,,,,,,,
,,,,,,,,,,Utility PV - Class 4,Advanced,28%,28%,28%,29%,29%,29%,30%,30%,30%,30%,31%,31%,31%,32%,32%,32%,32%,32%,32%,32%,32%,32%,32%,33%,33%,33%,33%,33%,33%,,,,,,,,,,,,,,,,,,,,,,,,,,,,,,,,,,,,,,,,,,,,,,,,,,,,,,,,,,,,,,,,,,,
,,,,,,,,,,Utility PV - Class 4,Moderate,28%,28%,28%,28%,28%,28%,29%,29%,29%,29%,29%,30%,30%,30%,30%,30%,30%,30%,30%,31%,31%,31%,31%,31%,31%,31%,31%,31%,32%,,,,,,,,,,,,,,,,,,,,,,,,,,,,,,,,,,,,,,,,,,,,,,,,,,,,,,,,,,,,,,,,,,,
,,,,,,,,,,Utility PV - Class 4,Conservative,27%,27%,27%,27%,27%,27%,27%,27%,27%,27%,27%,27%,27%,27%,28%,28%,28%,28%,28%,28%,29%,29%,29%,29%,29%,29%,30%,30%,30%,,,,,,,,,,,,,,,,,,,,,,,,,,,,,,,,,,,,,,,,,,,,,,,,,,,,,,,,,,,,,,,,,,,
,,,,,,,,,,Utility PV - Class 5,Advanced,26%,27%,27%,27%,28%,28%,28%,28%,29%,29%,29%,30%,30%,30%,30%,30%,30%,30%,31%,31%,31%,31%,31%,31%,31%,31%,31%,31%,31%,,,,,,,,,,,,,,,,,,,,,,,,,,,,,,,,,,,,,,,,,,,,,,,,,,,,,,,,,,,,,,,,,,,
,,,,,,,,,,Utility PV - Class 5,Moderate,26%,26%,27%,27%,27%,27%,27%,27%,28%,28%,28%,28%,28%,28%,29%,29%,29%,29%,29%,29%,29%,29%,29%,30%,30%,30%,30%,30%,30%,,,,,,,,,,,,,,,,,,,,,,,,,,,,,,,,,,,,,,,,,,,,,,,,,,,,,,,,,,,,,,,,,,,
,,,,,,,,,,Utility PV - Class 5,Conservative,26%,26%,26%,26%,26%,26%,26%,26%,26%,26%,26%,26%,26%,26%,26%,26%,27%,27%,27%,27%,27%,27%,27%,28%,28%,28%,28%,28%,28%,,,,,,,,,,,,,,,,,,,,,,,,,,,,,,,,,,,,,,,,,,,,,,,,,,,,,,,,,,,,,,,,,,,
,,,,,,,,,,Utility PV - Class 6,Advanced,25%,25%,26%,26%,26%,26%,27%,27%,27%,28%,28%,28%,28%,29%,29%,29%,29%,29%,29%,29%,29%,29%,29%,29%,29%,29%,30%,30%,30%,,,,,,,,,,,,,,,,,,,,,,,,,,,,,,,,,,,,,,,,,,,,,,,,,,,,,,,,,,,,,,,,,,,
,,,,,,,,,,Utility PV - Class 6,Moderate,25%,25%,25%,25%,26%,26%,26%,26%,26%,26%,27%,27%,27%,27%,27%,27%,27%,27%,28%,28%,28%,28%,28%,28%,28%,28%,28%,29%,29%,,,,,,,,,,,,,,,,,,,,,,,,,,,,,,,,,,,,,,,,,,,,,,,,,,,,,,,,,,,,,,,,,,,
,,,,,,,,,,Utility PV - Class 6,Conservative,25%,25%,25%,25%,25%,25%,25%,25%,25%,25%,25%,25%,25%,25%,25%,25%,25%,25%,25%,26%,26%,26%,26%,26%,26%,27%,27%,27%,27%,,,,,,,,,,,,,,,,,,,,,,,,,,,,,,,,,,,,,,,,,,,,,,,,,,,,,,,,,,,,,,,,,,,
,,,,,,,,,,Utility PV - Class 7,Advanced,24%,24%,24%,25%,25%,25%,25%,26%,26%,26%,26%,27%,27%,27%,27%,27%,27%,27%,28%,28%,28%,28%,28%,28%,28%,28%,28%,28%,28%,,,,,,,,,,,,,,,,,,,,,,,,,,,,,,,,,,,,,,,,,,,,,,,,,,,,,,,,,,,,,,,,,,,
,,,,,,,,,,Utility PV - Class 7,Moderate,24%,24%,24%,24%,24%,24%,25%,25%,25%,25%,25%,25%,25%,26%,26%,26%,26%,26%,26%,26%,26%,27%,27%,27%,27%,27%,27%,27%,27%,,,,,,,,,,,,,,,,,,,,,,,,,,,,,,,,,,,,,,,,,,,,,,,,,,,,,,,,,,,,,,,,,,,
,,,,,,,,,,Utility PV - Class 7,Conservative,23%,23%,23%,23%,23%,23%,23%,23%,23%,23%,23%,23%,23%,23%,24%,24%,24%,24%,24%,24%,24%,25%,25%,25%,25%,25%,25%,26%,26%,,,,,,,,,,,,,,,,,,,,,,,,,,,,,,,,,,,,,,,,,,,,,,,,,,,,,,,,,,,,,,,,,,,
,,,,,,,,,,Utility PV - Class 8,Advanced,23%,23%,23%,24%,24%,24%,24%,25%,25%,25%,25%,26%,26%,26%,26%,26%,26%,26%,26%,27%,27%,27%,27%,27%,27%,27%,27%,27%,27%,,,,,,,,,,,,,,,,,,,,,,,,,,,,,,,,,,,,,,,,,,,,,,,,,,,,,,,,,,,,,,,,,,,
,,,,,,,,,,Utility PV - Class 8,Moderate,23%,23%,23%,23%,23%,23%,24%,24%,24%,24%,24%,24%,25%,25%,25%,25%,25%,25%,25%,25%,25%,25%,26%,26%,26%,26%,26%,26%,26%,,,,,,,,,,,,,,,,,,,,,,,,,,,,,,,,,,,,,,,,,,,,,,,,,,,,,,,,,,,,,,,,,,,
,,,,,,,,,,Utility PV - Class 8,Conservative,23%,23%,23%,23%,23%,23%,23%,23%,23%,23%,23%,23%,23%,23%,23%,23%,23%,23%,23%,23%,24%,24%,24%,24%,24%,24%,24%,25%,25%,,,,,,,,,,,,,,,,,,,,,,,,,,,,,,,,,,,,,,,,,,,,,,,,,,,,,,,,,,,,,,,,,,,
,,,,,,,,,,Utility PV - Class 9,Advanced,22%,22%,22%,22%,23%,23%,23%,23%,24%,24%,24%,24%,25%,25%,25%,25%,25%,25%,25%,25%,25%,25%,25%,25%,26%,26%,26%,26%,26%,,,,,,,,,,,,,,,,,,,,,,,,,,,,,,,,,,,,,,,,,,,,,,,,,,,,,,,,,,,,,,,,,,,
,,,,,,,,,,Utility PV - Class 9,Moderate,22%,22%,22%,22%,22%,22%,22%,23%,23%,23%,23%,23%,23%,24%,24%,24%,24%,24%,24%,24%,24%,24%,24%,24%,25%,25%,25%,25%,25%,,,,,,,,,,,,,,,,,,,,,,,,,,,,,,,,,,,,,,,,,,,,,,,,,,,,,,,,,,,,,,,,,,,
,,,,,,,,,,Utility PV - Class 9,Conservative,21%,21%,21%,21%,21%,21%,21%,21%,21%,21%,21%,21%,21%,21%,22%,22%,22%,22%,22%,22%,22%,23%,23%,23%,23%,23%,23%,23%,24%,,,,,,,,,,,,,,,,,,,,,,,,,,,,,,,,,,,,,,,,,,,,,,,,,,,,,,,,,,,,,,,,,,,
,,,,,,,,,,Utility PV - Class 10,Advanced,20%,20%,20%,21%,21%,21%,21%,22%,22%,22%,22%,23%,23%,23%,23%,23%,23%,23%,23%,23%,23%,23%,23%,23%,23%,23%,24%,24%,24%,,,,,,,,,,,,,,,,,,,,,,,,,,,,,,,,,,,,,,,,,,,,,,,,,,,,,,,,,,,,,,,,,,,
,,,,,,,,,,Utility PV - Class 10,Moderate,20%,20%,20%,20%,20%,21%,21%,21%,21%,21%,21%,21%,21%,22%,22%,22%,22%,22%,22%,22%,22%,22%,22%,23%,23%,23%,23%,23%,23%,,,,,,,,,,,,,,,,,,,,,,,,,,,,,,,,,,,,,,,,,,,,,,,,,,,,,,,,,,,,,,,,,,,
,,,,,,,,,,Utility PV - Class 10,Conservative,20%,20%,20%,20%,20%,20%,20%,20%,20%,20%,20%,20%,20%,20%,20%,20%,20%,20%,20%,20%,21%,21%,21%,21%,21%,21%,21%,21%,22%,,,,,,,,,,,,,,,,,,,,,,,,,,,,,,,,,,,,,,,,,,,,,,,,,,,,,,,,,,,,,,,,,,,
,,,,,,,,,,,,,,,,,,,,,,,,,,,,,,,,,,,,,,,,,,,,,,,,,,,,,,,,,,,,,,,,,,,,,,,,,,,,,,,,,,,,,,,,,,,,,,,,,,,,,,,,,,,
,,,,,,,,,,,,2022,2023,2024,2025,2026,2027,2028,2029,2030,2031,2032,2033,2034,2035,2036,2037,2038,2039,2040,2041,2042,2043,2044,2045,2046,2047,2048,2049,2050,,,,,,,,,,,,,,,,,,,,,,,,,,,,,,,,,,,,,,,,,,,,,,,,,,,,,,,,,,,,,,,,,,,
,,,,,,,,,Annual Energy Production (kWh/kW),Utility PV - Class 1,Advanced," 2,771 "," 2,798 "," 2,825 "," 2,853 "," 2,880 "," 2,908 "," 2,935 "," 2,962 "," 2,990 "," 3,017 "," 3,044 "," 3,072 "," 3,099 "," 3,126 "," 3,137 "," 3,148 "," 3,159 "," 3,170 "," 3,182 "," 3,193 "," 3,204 "," 3,215 "," 3,226 "," 3,237 "," 3,248 "," 3,259 "," 3,270 "," 3,281 "," 3,292 ",,,,,,,,,,,,,,,,,,,,,,,,,,,,,,,,,,,,,,,,,,,,,,,,,,,,,,,,,,,,,,,,,,,
,,,,,,,,,,Utility PV - Class 1,Moderate," 2,759 "," 2,775 "," 2,790 "," 2,806 "," 2,821 "," 2,837 "," 2,852 "," 2,868 "," 2,883 "," 2,899 "," 2,914 "," 2,930 "," 2,945 "," 2,961 "," 2,972 "," 2,983 "," 2,994 "," 3,005 "," 3,016 "," 3,027 "," 3,038 "," 3,049 "," 3,060 "," 3,071 "," 3,082 "," 3,093 "," 3,104 "," 3,115 "," 3,126 ",,,,,,,,,,,,,,,,,,,,,,,,,,,,,,,,,,,,,,,,,,,,,,,,,,,,,,,,,,,,,,,,,,,
,,,,,,,,,,Utility PV - Class 1,Conservative," 2,743 "," 2,743 "," 2,743 "," 2,743 "," 2,743 "," 2,743 "," 2,743 "," 2,743 "," 2,743 "," 2,743 "," 2,743 "," 2,743 "," 2,743 "," 2,743 "," 2,758 "," 2,772 "," 2,787 "," 2,801 "," 2,816 "," 2,830 "," 2,845 "," 2,859 "," 2,874 "," 2,888 "," 2,903 "," 2,917 "," 2,932 "," 2,946 "," 2,961 ",,,,,,,,,,,,,,,,,,,,,,,,,,,,,,,,,,,,,,,,,,,,,,,,,,,,,,,,,,,,,,,,,,,
,,,,,,,,,,Utility PV - Class 2,Advanced," 2,680 "," 2,706 "," 2,733 "," 2,759 "," 2,785 "," 2,811 "," 2,837 "," 2,864 "," 2,890 "," 2,916 "," 2,942 "," 2,968 "," 2,995 "," 3,021 "," 3,032 "," 3,043 "," 3,054 "," 3,065 "," 3,076 "," 3,086 "," 3,097 "," 3,108 "," 3,119 "," 3,130 "," 3,141 "," 3,152 "," 3,163 "," 3,174 "," 3,185 ",,,,,,,,,,,,,,,,,,,,,,,,,,,,,,,,,,,,,,,,,,,,,,,,,,,,,,,,,,,,,,,,,,,
,,,,,,,,,,Utility PV - Class 2,Moderate," 2,669 "," 2,684 "," 2,699 "," 2,713 "," 2,728 "," 2,743 "," 2,758 "," 2,773 "," 2,788 "," 2,802 "," 2,817 "," 2,832 "," 2,847 "," 2,862 "," 2,872 "," 2,883 "," 2,894 "," 2,904 "," 2,915 "," 2,925 "," 2,936 "," 2,947 "," 2,957 "," 2,968 "," 2,978 "," 2,989 "," 3,000 "," 3,010 "," 3,021 ",,,,,,,,,,,,,,,,,,,,,,,,,,,,,,,,,,,,,,,,,,,,,,,,,,,,,,,,,,,,,,,,,,,
,,,,,,,,,,Utility PV - Class 2,Conservative," 2,654 "," 2,654 "," 2,654 "," 2,654 "," 2,654 "," 2,654 "," 2,654 "," 2,654 "," 2,654 "," 2,654 "," 2,654 "," 2,654 "," 2,654 "," 2,654 "," 2,668 "," 2,682 "," 2,696 "," 2,709 "," 2,723 "," 2,737 "," 2,751 "," 2,765 "," 2,779 "," 2,792 "," 2,806 "," 2,820 "," 2,834 "," 2,848 "," 2,862 ",,,,,,,,,,,,,,,,,,,,,,,,,,,,,,,,,,,,,,,,,,,,,,,,,,,,,,,,,,,,,,,,,,,
,,,,,,,,,,Utility PV - Class 3,Advanced," 2,554 "," 2,580 "," 2,606 "," 2,632 "," 2,658 "," 2,685 "," 2,711 "," 2,737 "," 2,763 "," 2,789 "," 2,815 "," 2,841 "," 2,868 "," 2,894 "," 2,903 "," 2,912 "," 2,922 "," 2,931 "," 2,940 "," 2,949 "," 2,959 "," 2,968 "," 2,977 "," 2,987 "," 2,996 "," 3,005 "," 3,015 "," 3,024 "," 3,033 ",,,,,,,,,,,,,,,,,,,,,,,,,,,,,,,,,,,,,,,,,,,,,,,,,,,,,,,,,,,,,,,,,,,
,,,,,,,,,,Utility PV - Class 3,Moderate," 2,543 "," 2,557 "," 2,572 "," 2,587 "," 2,602 "," 2,617 "," 2,632 "," 2,647 "," 2,662 "," 2,677 "," 2,692 "," 2,707 "," 2,722 "," 2,737 "," 2,747 "," 2,758 "," 2,768 "," 2,779 "," 2,789 "," 2,800 "," 2,810 "," 2,821 "," 2,831 "," 2,841 "," 2,852 "," 2,862 "," 2,873 "," 2,883 "," 2,894 ",,,,,,,,,,,,,,,,,,,,,,,,,,,,,,,,,,,,,,,,,,,,,,,,,,,,,,,,,,,,,,,,,,,
,,,,,,,,,,Utility PV - Class 3,Conservative," 2,528 "," 2,528 "," 2,528 "," 2,528 "," 2,528 "," 2,528 "," 2,528 "," 2,528 "," 2,528 "," 2,528 "," 2,528 "," 2,528 "," 2,528 "," 2,528 "," 2,542 "," 2,555 "," 2,569 "," 2,583 "," 2,597 "," 2,611 "," 2,625 "," 2,639 "," 2,653 "," 2,667 "," 2,681 "," 2,695 "," 2,709 "," 2,723 "," 2,737 ",,,,,,,,,,,,,,,,,,,,,,,,,,,,,,,,,,,,,,,,,,,,,,,,,,,,,,,,,,,,,,,,,,,
,,,,,,,,,,Utility PV - Class 4,Advanced," 2,432 "," 2,458 "," 2,484 "," 2,510 "," 2,536 "," 2,561 "," 2,587 "," 2,613 "," 2,639 "," 2,665 "," 2,691 "," 2,716 "," 2,742 "," 2,768 "," 2,776 "," 2,784 "," 2,792 "," 2,800 "," 2,808 "," 2,816 "," 2,824 "," 2,832 "," 2,840 "," 2,848 "," 2,856 "," 2,864 "," 2,872 "," 2,880 "," 2,888 ",,,,,,,,,,,,,,,,,,,,,,,,,,,,,,,,,,,,,,,,,,,,,,,,,,,,,,,,,,,,,,,,,,,
,,,,,,,,,,Utility PV - Class 4,Moderate," 2,421 "," 2,436 "," 2,451 "," 2,466 "," 2,481 "," 2,496 "," 2,510 "," 2,525 "," 2,540 "," 2,555 "," 2,570 "," 2,585 "," 2,600 "," 2,614 "," 2,625 "," 2,635 "," 2,645 "," 2,655 "," 2,666 "," 2,676 "," 2,686 "," 2,696 "," 2,707 "," 2,717 "," 2,727 "," 2,737 "," 2,748 "," 2,758 "," 2,768 ",,,,,,,,,,,,,,,,,,,,,,,,,,,,,,,,,,,,,,,,,,,,,,,,,,,,,,,,,,,,,,,,,,,
,,,,,,,,,,Utility PV - Class 4,Conservative," 2,406 "," 2,406 "," 2,406 "," 2,406 "," 2,406 "," 2,406 "," 2,406 "," 2,406 "," 2,406 "," 2,406 "," 2,406 "," 2,406 "," 2,406 "," 2,406 "," 2,420 "," 2,434 "," 2,448 "," 2,462 "," 2,476 "," 2,490 "," 2,503 "," 2,517 "," 2,531 "," 2,545 "," 2,559 "," 2,573 "," 2,587 "," 2,601 "," 2,614 ",,,,,,,,,,,,,,,,,,,,,,,,,,,,,,,,,,,,,,,,,,,,,,,,,,,,,,,,,,,,,,,,,,,
,,,,,,,,,,Utility PV - Class 5,Advanced," 2,311 "," 2,336 "," 2,361 "," 2,386 "," 2,411 "," 2,437 "," 2,462 "," 2,487 "," 2,512 "," 2,537 "," 2,562 "," 2,587 "," 2,612 "," 2,637 "," 2,645 "," 2,652 "," 2,659 "," 2,666 "," 2,673 "," 2,680 "," 2,687 "," 2,694 "," 2,701 "," 2,708 "," 2,715 "," 2,722 "," 2,729 "," 2,736 "," 2,743 ",,,,,,,,,,,,,,,,,,,,,,,,,,,,,,,,,,,,,,,,,,,,,,,,,,,,,,,,,,,,,,,,,,,
,,,,,,,,,,Utility PV - Class 5,Moderate," 2,300 "," 2,315 "," 2,329 "," 2,344 "," 2,358 "," 2,373 "," 2,387 "," 2,401 "," 2,416 "," 2,430 "," 2,445 "," 2,459 "," 2,474 "," 2,488 "," 2,498 "," 2,508 "," 2,518 "," 2,528 "," 2,538 "," 2,548 "," 2,558 "," 2,568 "," 2,578 "," 2,588 "," 2,598 "," 2,608 "," 2,618 "," 2,628 "," 2,637 ",,,,,,,,,,,,,,,,,,,,,,,,,,,,,,,,,,,,,,,,,,,,,,,,,,,,,,,,,,,,,,,,,,,
,,,,,,,,,,Utility PV - Class 5,Conservative," 2,286 "," 2,286 "," 2,286 "," 2,286 "," 2,286 "," 2,286 "," 2,286 "," 2,286 "," 2,286 "," 2,286 "," 2,286 "," 2,286 "," 2,286 "," 2,286 "," 2,299 "," 2,313 "," 2,326 "," 2,340 "," 2,353 "," 2,367 "," 2,380 "," 2,394 "," 2,407 "," 2,421 "," 2,434 "," 2,448 "," 2,461 "," 2,475 "," 2,488 ",,,,,,,,,,,,,,,,,,,,,,,,,,,,,,,,,,,,,,,,,,,,,,,,,,,,,,,,,,,,,,,,,,,
,,,,,,,,,,Utility PV - Class 6,Advanced," 2,191 "," 2,216 "," 2,240 "," 2,265 "," 2,289 "," 2,314 "," 2,338 "," 2,362 "," 2,387 "," 2,411 "," 2,436 "," 2,460 "," 2,484 "," 2,509 "," 2,515 "," 2,521 "," 2,527 "," 2,533 "," 2,539 "," 2,546 "," 2,552 "," 2,558 "," 2,564 "," 2,570 "," 2,576 "," 2,582 "," 2,588 "," 2,594 "," 2,600 ",,,,,,,,,,,,,,,,,,,,,,,,,,,,,,,,,,,,,,,,,,,,,,,,,,,,,,,,,,,,,,,,,,,
,,,,,,,,,,Utility PV - Class 6,Moderate," 2,181 "," 2,195 "," 2,209 "," 2,223 "," 2,237 "," 2,251 "," 2,265 "," 2,279 "," 2,294 "," 2,308 "," 2,322 "," 2,336 "," 2,350 "," 2,364 "," 2,373 "," 2,383 "," 2,393 "," 2,402 "," 2,412 "," 2,422 "," 2,431 "," 2,441 "," 2,451 "," 2,461 "," 2,470 "," 2,480 "," 2,490 "," 2,499 "," 2,509 ",,,,,,,,,,,,,,,,,,,,,,,,,,,,,,,,,,,,,,,,,,,,,,,,,,,,,,,,,,,,,,,,,,,
,,,,,,,,,,Utility PV - Class 6,Conservative," 2,167 "," 2,167 "," 2,167 "," 2,167 "," 2,167 "," 2,167 "," 2,167 "," 2,167 "," 2,167 "," 2,167 "," 2,167 "," 2,167 "," 2,167 "," 2,167 "," 2,180 "," 2,193 "," 2,206 "," 2,220 "," 2,233 "," 2,246 "," 2,259 "," 2,272 "," 2,285 "," 2,298 "," 2,311 "," 2,324 "," 2,338 "," 2,351 "," 2,364 ",,,,,,,,,,,,,,,,,,,,,,,,,,,,,,,,,,,,,,,,,,,,,,,,,,,,,,,,,,,,,,,,,,,
,,,,,,,,,,Utility PV - Class 7,Advanced," 2,079 "," 2,103 "," 2,126 "," 2,150 "," 2,174 "," 2,197 "," 2,221 "," 2,245 "," 2,269 "," 2,292 "," 2,316 "," 2,340 "," 2,363 "," 2,387 "," 2,392 "," 2,398 "," 2,403 "," 2,408 "," 2,413 "," 2,419 "," 2,424 "," 2,429 "," 2,435 "," 2,440 "," 2,445 "," 2,450 "," 2,456 "," 2,461 "," 2,466 ",,,,,,,,,,,,,,,,,,,,,,,,,,,,,,,,,,,,,,,,,,,,,,,,,,,,,,,,,,,,,,,,,,,
,,,,,,,,,,Utility PV - Class 7,Moderate," 2,069 "," 2,083 "," 2,096 "," 2,110 "," 2,124 "," 2,138 "," 2,151 "," 2,165 "," 2,179 "," 2,192 "," 2,206 "," 2,220 "," 2,233 "," 2,247 "," 2,256 "," 2,266 "," 2,275 "," 2,284 "," 2,294 "," 2,303 "," 2,312 "," 2,322 "," 2,331 "," 2,340 "," 2,350 "," 2,359 "," 2,368 "," 2,378 "," 2,387 ",,,,,,,,,,,,,,,,,,,,,,,,,,,,,,,,,,,,,,,,,,,,,,,,,,,,,,,,,,,,,,,,,,,
,,,,,,,,,,Utility PV - Class 7,Conservative," 2,055 "," 2,055 "," 2,055 "," 2,055 "," 2,055 "," 2,055 "," 2,055 "," 2,055 "," 2,055 "," 2,055 "," 2,055 "," 2,055 "," 2,055 "," 2,055 "," 2,068 "," 2,081 "," 2,094 "," 2,106 "," 2,119 "," 2,132 "," 2,145 "," 2,158 "," 2,170 "," 2,183 "," 2,196 "," 2,209 "," 2,222 "," 2,234 "," 2,247 ",,,,,,,,,,,,,,,,,,,,,,,,,,,,,,,,,,,,,,,,,,,,,,,,,,,,,,,,,,,,,,,,,,,
,,,,,,,,,,Utility PV - Class 8,Advanced," 1,999 "," 2,022 "," 2,044 "," 2,067 "," 2,090 "," 2,113 "," 2,136 "," 2,158 "," 2,181 "," 2,204 "," 2,227 "," 2,250 "," 2,272 "," 2,295 "," 2,300 "," 2,305 "," 2,310 "," 2,315 "," 2,321 "," 2,326 "," 2,331 "," 2,336 "," 2,341 "," 2,346 "," 2,351 "," 2,356 "," 2,361 "," 2,366 "," 2,371 ",,,,,,,,,,,,,,,,,,,,,,,,,,,,,,,,,,,,,,,,,,,,,,,,,,,,,,,,,,,,,,,,,,,
,,,,,,,,,,Utility PV - Class 8,Moderate," 1,989 "," 2,003 "," 2,016 "," 2,029 "," 2,042 "," 2,056 "," 2,069 "," 2,082 "," 2,095 "," 2,109 "," 2,122 "," 2,135 "," 2,148 "," 2,162 "," 2,171 "," 2,179 "," 2,188 "," 2,197 "," 2,206 "," 2,215 "," 2,224 "," 2,233 "," 2,242 "," 2,251 "," 2,260 "," 2,268 "," 2,277 "," 2,286 "," 2,295 ",,,,,,,,,,,,,,,,,,,,,,,,,,,,,,,,,,,,,,,,,,,,,,,,,,,,,,,,,,,,,,,,,,,
,,,,,,,,,,Utility PV - Class 8,Conservative," 1,976 "," 1,976 "," 1,976 "," 1,976 "," 1,976 "," 1,976 "," 1,976 "," 1,976 "," 1,976 "," 1,976 "," 1,976 "," 1,976 "," 1,976 "," 1,976 "," 1,988 "," 2,001 "," 2,013 "," 2,026 "," 2,038 "," 2,050 "," 2,063 "," 2,075 "," 2,087 "," 2,100 "," 2,112 "," 2,125 "," 2,137 "," 2,149 "," 2,162 ",,,,,,,,,,,,,,,,,,,,,,,,,,,,,,,,,,,,,,,,,,,,,,,,,,,,,,,,,,,,,,,,,,,
,,,,,,,,,,Utility PV - Class 9,Advanced," 1,902 "," 1,924 "," 1,946 "," 1,968 "," 1,990 "," 2,012 "," 2,034 "," 2,056 "," 2,078 "," 2,100 "," 2,122 "," 2,144 "," 2,166 "," 2,188 "," 2,192 "," 2,197 "," 2,201 "," 2,206 "," 2,210 "," 2,215 "," 2,220 "," 2,224 "," 2,229 "," 2,233 "," 2,238 "," 2,242 "," 2,247 "," 2,252 "," 2,256 ",,,,,,,,,,,,,,,,,,,,,,,,,,,,,,,,,,,,,,,,,,,,,,,,,,,,,,,,,,,,,,,,,,,
,,,,,,,,,,Utility PV - Class 9,Moderate," 1,893 "," 1,906 "," 1,919 "," 1,931 "," 1,944 "," 1,957 "," 1,970 "," 1,983 "," 1,995 "," 2,008 "," 2,021 "," 2,034 "," 2,047 "," 2,060 "," 2,068 "," 2,077 "," 2,085 "," 2,094 "," 2,102 "," 2,111 "," 2,119 "," 2,128 "," 2,136 "," 2,145 "," 2,153 "," 2,162 "," 2,171 "," 2,179 "," 2,188 ",,,,,,,,,,,,,,,,,,,,,,,,,,,,,,,,,,,,,,,,,,,,,,,,,,,,,,,,,,,,,,,,,,,
,,,,,,,,,,Utility PV - Class 9,Conservative," 1,880 "," 1,880 "," 1,880 "," 1,880 "," 1,880 "," 1,880 "," 1,880 "," 1,880 "," 1,880 "," 1,880 "," 1,880 "," 1,880 "," 1,880 "," 1,880 "," 1,892 "," 1,904 "," 1,916 "," 1,928 "," 1,940 "," 1,952 "," 1,964 "," 1,976 "," 1,988 "," 2,000 "," 2,012 "," 2,024 "," 2,036 "," 2,048 "," 2,060 ",,,,,,,,,,,,,,,,,,,,,,,,,,,,,,,,,,,,,,,,,,,,,,,,,,,,,,,,,,,,,,,,,,,
,,,,,,,,,,Utility PV - Class 10,Advanced," 1,745 "," 1,766 "," 1,787 "," 1,807 "," 1,828 "," 1,849 "," 1,869 "," 1,890 "," 1,911 "," 1,932 "," 1,952 "," 1,973 "," 1,994 "," 2,014 "," 2,018 "," 2,022 "," 2,025 "," 2,029 "," 2,033 "," 2,036 "," 2,040 "," 2,044 "," 2,047 "," 2,051 "," 2,055 "," 2,058 "," 2,062 "," 2,066 "," 2,070 ",,,,,,,,,,,,,,,,,,,,,,,,,,,,,,,,,,,,,,,,,,,,,,,,,,,,,,,,,,,,,,,,,,,
,,,,,,,,,,Utility PV - Class 10,Moderate," 1,737 "," 1,749 "," 1,761 "," 1,773 "," 1,785 "," 1,797 "," 1,809 "," 1,821 "," 1,833 "," 1,845 "," 1,857 "," 1,869 "," 1,881 "," 1,893 "," 1,901 "," 1,910 "," 1,918 "," 1,926 "," 1,934 "," 1,942 "," 1,950 "," 1,958 "," 1,966 "," 1,974 "," 1,982 "," 1,990 "," 1,998 "," 2,006 "," 2,014 ",,,,,,,,,,,,,,,,,,,,,,,,,,,,,,,,,,,,,,,,,,,,,,,,,,,,,,,,,,,,,,,,,,,
,,,,,,,,,,Utility PV - Class 10,Conservative," 1,725 "," 1,725 "," 1,725 "," 1,725 "," 1,725 "," 1,725 "," 1,725 "," 1,725 "," 1,725 "," 1,725 "," 1,725 "," 1,725 "," 1,725 "," 1,725 "," 1,736 "," 1,747 "," 1,758 "," 1,770 "," 1,781 "," 1,792 "," 1,803 "," 1,815 "," 1,826 "," 1,837 "," 1,848 "," 1,860 "," 1,871 "," 1,882 "," 1,893 ",,,,,,,,,,,,,,,,,,,,,,,,,,,,,,,,,,,,,,,,,,,,,,,,,,,,,,,,,,,,,,,,,,,
,,,,,,,,,,,,,,,,,,,,,,,,,,,,,,,,,,,,,,,,,,,,,,,,,,,,,,,,,,,,,,,,,,,,,,,,,,,,,,,,,,,,,,,,,,,,,,,,,,,,,,,,,,,
,,,,,,,,,,,,2022,2023,2024,2025,2026,2027,2028,2029,2030,2031,2032,2033,2034,2035,2036,2037,2038,2039,2040,2041,2042,2043,2044,2045,2046,2047,2048,2049,2050,,,,,,,,,,,,,,,,,,,,,,,,,,,,,,,,,,,,,,,,,,,,,,,,,,,,,,,,,,,,,,,,,,,
,,,,,,,,,CAPEX ($/kW),Utility PV - Class 1,Advanced,"$1,483","$1,611","$1,534","$1,456","$1,379","$1,302","$1,224","$1,147","$1,070",$992,$915,$838,$760,$683,$675,$667,$659,$651,$643,$635,$627,$619,$611,$603,$595,$587,$579,$571,$563,,,,,,,,,,,,,,,,,,,,,,,,,,,,,,,,,,,,,,,,,,,,,,,,,,,,,,,,,,,,,,,,,,,
,,,,,,,,,,Utility PV - Class 1,Moderate,"$1,483","$1,611","$1,551","$1,492","$1,432","$1,372","$1,313","$1,253","$1,193","$1,134","$1,074","$1,015",$955,$895,$881,$867,$853,$839,$825,$810,$796,$782,$768,$754,$740,$725,$711,$697,$683,,,,,,,,,,,,,,,,,,,,,,,,,,,,,,,,,,,,,,,,,,,,,,,,,,,,,,,,,,,,,,,,,,,
,,,,,,,,,,Utility PV - Class 1,Conservative,"$1,483","$1,611","$1,576","$1,541","$1,505","$1,470","$1,435","$1,400","$1,365","$1,330","$1,295","$1,260","$1,224","$1,189","$1,170","$1,150","$1,130","$1,111","$1,091","$1,072","$1,052","$1,032","$1,013",$993,$974,$954,$935,$915,$895,,,,,,,,,,,,,,,,,,,,,,,,,,,,,,,,,,,,,,,,,,,,,,,,,,,,,,,,,,,,,,,,,,,
,,,,,,,,,,Utility PV - Class 2,Advanced,"$1,483","$1,611","$1,534","$1,456","$1,379","$1,302","$1,224","$1,147","$1,070",$992,$915,$838,$760,$683,$675,$667,$659,$651,$643,$635,$627,$619,$611,$603,$595,$587,$579,$571,$563,,,,,,,,,,,,,,,,,,,,,,,,,,,,,,,,,,,,,,,,,,,,,,,,,,,,,,,,,,,,,,,,,,,
,,,,,,,,,,Utility PV - Class 2,Moderate,"$1,483","$1,611","$1,551","$1,492","$1,432","$1,372","$1,313","$1,253","$1,193","$1,134","$1,074","$1,015",$955,$895,$881,$867,$853,$839,$825,$810,$796,$782,$768,$754,$740,$725,$711,$697,$683,,,,,,,,,,,,,,,,,,,,,,,,,,,,,,,,,,,,,,,,,,,,,,,,,,,,,,,,,,,,,,,,,,,
,,,,,,,,,,Utility PV - Class 2,Conservative,"$1,483","$1,611","$1,576","$1,541","$1,505","$1,470","$1,435","$1,400","$1,365","$1,330","$1,295","$1,260","$1,224","$1,189","$1,170","$1,150","$1,130","$1,111","$1,091","$1,072","$1,052","$1,032","$1,013",$993,$974,$954,$935,$915,$895,,,,,,,,,,,,,,,,,,,,,,,,,,,,,,,,,,,,,,,,,,,,,,,,,,,,,,,,,,,,,,,,,,,
,,,,,,,,,,Utility PV - Class 3,Advanced,"$1,483","$1,611","$1,534","$1,456","$1,379","$1,302","$1,224","$1,147","$1,070",$992,$915,$838,$760,$683,$675,$667,$659,$651,$643,$635,$627,$619,$611,$603,$595,$587,$579,$571,$563,,,,,,,,,,,,,,,,,,,,,,,,,,,,,,,,,,,,,,,,,,,,,,,,,,,,,,,,,,,,,,,,,,,
,,,,,,,,,,Utility PV - Class 3,Moderate,"$1,483","$1,611","$1,551","$1,492","$1,432","$1,372","$1,313","$1,253","$1,193","$1,134","$1,074","$1,015",$955,$895,$881,$867,$853,$839,$825,$810,$796,$782,$768,$754,$740,$725,$711,$697,$683,,,,,,,,,,,,,,,,,,,,,,,,,,,,,,,,,,,,,,,,,,,,,,,,,,,,,,,,,,,,,,,,,,,
,,,,,,,,,,Utility PV - Class 3,Conservative,"$1,483","$1,611","$1,576","$1,541","$1,505","$1,470","$1,435","$1,400","$1,365","$1,330","$1,295","$1,260","$1,224","$1,189","$1,170","$1,150","$1,130","$1,111","$1,091","$1,072","$1,052","$1,032","$1,013",$993,$974,$954,$935,$915,$895,,,,,,,,,,,,,,,,,,,,,,,,,,,,,,,,,,,,,,,,,,,,,,,,,,,,,,,,,,,,,,,,,,,
,,,,,,,,,,Utility PV - Class 4,Advanced,"$1,483","$1,611","$1,534","$1,456","$1,379","$1,302","$1,224","$1,147","$1,070",$992,$915,$838,$760,$683,$675,$667,$659,$651,$643,$635,$627,$619,$611,$603,$595,$587,$579,$571,$563,,,,,,,,,,,,,,,,,,,,,,,,,,,,,,,,,,,,,,,,,,,,,,,,,,,,,,,,,,,,,,,,,,,
,,,,,,,,,,Utility PV - Class 4,Moderate,"$1,483","$1,611","$1,551","$1,492","$1,432","$1,372","$1,313","$1,253","$1,193","$1,134","$1,074","$1,015",$955,$895,$881,$867,$853,$839,$825,$810,$796,$782,$768,$754,$740,$725,$711,$697,$683,,,,,,,,,,,,,,,,,,,,,,,,,,,,,,,,,,,,,,,,,,,,,,,,,,,,,,,,,,,,,,,,,,,
,,,,,,,,,,Utility PV - Class 4,Conservative,"$1,483","$1,611","$1,576","$1,541","$1,505","$1,470","$1,435","$1,400","$1,365","$1,330","$1,295","$1,260","$1,224","$1,189","$1,170","$1,150","$1,130","$1,111","$1,091","$1,072","$1,052","$1,032","$1,013",$993,$974,$954,$935,$915,$895,,,,,,,,,,,,,,,,,,,,,,,,,,,,,,,,,,,,,,,,,,,,,,,,,,,,,,,,,,,,,,,,,,,
,,,,,,,,,,Utility PV - Class 5,Advanced,"$1,483","$1,611","$1,534","$1,456","$1,379","$1,302","$1,224","$1,147","$1,070",$992,$915,$838,$760,$683,$675,$667,$659,$651,$643,$635,$627,$619,$611,$603,$595,$587,$579,$571,$563,,,,,,,,,,,,,,,,,,,,,,,,,,,,,,,,,,,,,,,,,,,,,,,,,,,,,,,,,,,,,,,,,,,
,,,,,,,,,,Utility PV - Class 5,Moderate,"$1,483","$1,611","$1,551","$1,492","$1,432","$1,372","$1,313","$1,253","$1,193","$1,134","$1,074","$1,015",$955,$895,$881,$867,$853,$839,$825,$810,$796,$782,$768,$754,$740,$725,$711,$697,$683,,,,,,,,,,,,,,,,,,,,,,,,,,,,,,,,,,,,,,,,,,,,,,,,,,,,,,,,,,,,,,,,,,,
,,,,,,,,,,Utility PV - Class 5,Conservative,"$1,483","$1,611","$1,576","$1,541","$1,505","$1,470","$1,435","$1,400","$1,365","$1,330","$1,295","$1,260","$1,224","$1,189","$1,170","$1,150","$1,130","$1,111","$1,091","$1,072","$1,052","$1,032","$1,013",$993,$974,$954,$935,$915,$895,,,,,,,,,,,,,,,,,,,,,,,,,,,,,,,,,,,,,,,,,,,,,,,,,,,,,,,,,,,,,,,,,,,
,,,,,,,,,,Utility PV - Class 6,Advanced,"$1,483","$1,611","$1,534","$1,456","$1,379","$1,302","$1,224","$1,147","$1,070",$992,$915,$838,$760,$683,$675,$667,$659,$651,$643,$635,$627,$619,$611,$603,$595,$587,$579,$571,$563,,,,,,,,,,,,,,,,,,,,,,,,,,,,,,,,,,,,,,,,,,,,,,,,,,,,,,,,,,,,,,,,,,,
,,,,,,,,,,Utility PV - Class 6,Moderate,"$1,483","$1,611","$1,551","$1,492","$1,432","$1,372","$1,313","$1,253","$1,193","$1,134","$1,074","$1,015",$955,$895,$881,$867,$853,$839,$825,$810,$796,$782,$768,$754,$740,$725,$711,$697,$683,,,,,,,,,,,,,,,,,,,,,,,,,,,,,,,,,,,,,,,,,,,,,,,,,,,,,,,,,,,,,,,,,,,
,,,,,,,,,,Utility PV - Class 6,Conservative,"$1,483","$1,611","$1,576","$1,541","$1,505","$1,470","$1,435","$1,400","$1,365","$1,330","$1,295","$1,260","$1,224","$1,189","$1,170","$1,150","$1,130","$1,111","$1,091","$1,072","$1,052","$1,032","$1,013",$993,$974,$954,$935,$915,$895,,,,,,,,,,,,,,,,,,,,,,,,,,,,,,,,,,,,,,,,,,,,,,,,,,,,,,,,,,,,,,,,,,,
,,,,,,,,,,Utility PV - Class 7,Advanced,"$1,483","$1,611","$1,534","$1,456","$1,379","$1,302","$1,224","$1,147","$1,070",$992,$915,$838,$760,$683,$675,$667,$659,$651,$643,$635,$627,$619,$611,$603,$595,$587,$579,$571,$563,,,,,,,,,,,,,,,,,,,,,,,,,,,,,,,,,,,,,,,,,,,,,,,,,,,,,,,,,,,,,,,,,,,
,,,,,,,,,,Utility PV - Class 7,Moderate,"$1,483","$1,611","$1,551","$1,492","$1,432","$1,372","$1,313","$1,253","$1,193","$1,134","$1,074","$1,015",$955,$895,$881,$867,$853,$839,$825,$810,$796,$782,$768,$754,$740,$725,$711,$697,$683,,,,,,,,,,,,,,,,,,,,,,,,,,,,,,,,,,,,,,,,,,,,,,,,,,,,,,,,,,,,,,,,,,,
,,,,,,,,,,Utility PV - Class 7,Conservative,"$1,483","$1,611","$1,576","$1,541","$1,505","$1,470","$1,435","$1,400","$1,365","$1,330","$1,295","$1,260","$1,224","$1,189","$1,170","$1,150","$1,130","$1,111","$1,091","$1,072","$1,052","$1,032","$1,013",$993,$974,$954,$935,$915,$895,,,,,,,,,,,,,,,,,,,,,,,,,,,,,,,,,,,,,,,,,,,,,,,,,,,,,,,,,,,,,,,,,,,
,,,,,,,,,,Utility PV - Class 8,Advanced,"$1,483","$1,611","$1,534","$1,456","$1,379","$1,302","$1,224","$1,147","$1,070",$992,$915,$838,$760,$683,$675,$667,$659,$651,$643,$635,$627,$619,$611,$603,$595,$587,$579,$571,$563,,,,,,,,,,,,,,,,,,,,,,,,,,,,,,,,,,,,,,,,,,,,,,,,,,,,,,,,,,,,,,,,,,,
,,,,,,,,,,Utility PV - Class 8,Moderate,"$1,483","$1,611","$1,551","$1,492","$1,432","$1,372","$1,313","$1,253","$1,193","$1,134","$1,074","$1,015",$955,$895,$881,$867,$853,$839,$825,$810,$796,$782,$768,$754,$740,$725,$711,$697,$683,,,,,,,,,,,,,,,,,,,,,,,,,,,,,,,,,,,,,,,,,,,,,,,,,,,,,,,,,,,,,,,,,,,
,,,,,,,,,,Utility PV - Class 8,Conservative,"$1,483","$1,611","$1,576","$1,541","$1,505","$1,470","$1,435","$1,400","$1,365","$1,330","$1,295","$1,260","$1,224","$1,189","$1,170","$1,150","$1,130","$1,111","$1,091","$1,072","$1,052","$1,032","$1,013",$993,$974,$954,$935,$915,$895,,,,,,,,,,,,,,,,,,,,,,,,,,,,,,,,,,,,,,,,,,,,,,,,,,,,,,,,,,,,,,,,,,,
,,,,,,,,,,Utility PV - Class 9,Advanced,"$1,483","$1,611","$1,534","$1,456","$1,379","$1,302","$1,224","$1,147","$1,070",$992,$915,$838,$760,$683,$675,$667,$659,$651,$643,$635,$627,$619,$611,$603,$595,$587,$579,$571,$563,,,,,,,,,,,,,,,,,,,,,,,,,,,,,,,,,,,,,,,,,,,,,,,,,,,,,,,,,,,,,,,,,,,
,,,,,,,,,,Utility PV - Class 9,Moderate,"$1,483","$1,611","$1,551","$1,492","$1,432","$1,372","$1,313","$1,253","$1,193","$1,134","$1,074","$1,015",$955,$895,$881,$867,$853,$839,$825,$810,$796,$782,$768,$754,$740,$725,$711,$697,$683,,,,,,,,,,,,,,,,,,,,,,,,,,,,,,,,,,,,,,,,,,,,,,,,,,,,,,,,,,,,,,,,,,,
,,,,,,,,,,Utility PV - Class 9,Conservative,"$1,483","$1,611","$1,576","$1,541","$1,505","$1,470","$1,435","$1,400","$1,365","$1,330","$1,295","$1,260","$1,224","$1,189","$1,170","$1,150","$1,130","$1,111","$1,091","$1,072","$1,052","$1,032","$1,013",$993,$974,$954,$935,$915,$895,,,,,,,,,,,,,,,,,,,,,,,,,,,,,,,,,,,,,,,,,,,,,,,,,,,,,,,,,,,,,,,,,,,
,,,,,,,,,,Utility PV - Class 10,Advanced,"$1,483","$1,611","$1,534","$1,456","$1,379","$1,302","$1,224","$1,147","$1,070",$992,$915,$838,$760,$683,$675,$667,$659,$651,$643,$635,$627,$619,$611,$603,$595,$587,$579,$571,$563,,,,,,,,,,,,,,,,,,,,,,,,,,,,,,,,,,,,,,,,,,,,,,,,,,,,,,,,,,,,,,,,,,,
,,,,,,,,,,Utility PV - Class 10,Moderate,"$1,483","$1,611","$1,551","$1,492","$1,432","$1,372","$1,313","$1,253","$1,193","$1,134","$1,074","$1,015",$955,$895,$881,$867,$853,$839,$825,$810,$796,$782,$768,$754,$740,$725,$711,$697,$683,,,,,,,,,,,,,,,,,,,,,,,,,,,,,,,,,,,,,,,,,,,,,,,,,,,,,,,,,,,,,,,,,,,
,,,,,,,,,,Utility PV - Class 10,Conservative,"$1,483","$1,611","$1,576","$1,541","$1,505","$1,470","$1,435","$1,400","$1,365","$1,330","$1,295","$1,260","$1,224","$1,189","$1,170","$1,150","$1,130","$1,111","$1,091","$1,072","$1,052","$1,032","$1,013",$993,$974,$954,$935,$915,$895,,,,,,,,,,,,,,,,,,,,,,,,,,,,,,,,,,,,,,,,,,,,,,,,,,,,,,,,,,,,,,,,,,,
,,,,,,,,,,,,,,,,,,,,,,,,,,,,,,,,,,,,,,,,,,,,,,,,,,,,,,,,,,,,,,,,,,,,,,,,,,,,,,,,,,,,,,,,,,,,,,,,,,,,,,,,,,,
,,,,,,,,,,,,2022,2023,2024,2025,2026,2027,2028,2029,2030,2031,2032,2033,2034,2035,2036,2037,2038,2039,2040,2041,2042,2043,2044,2045,2046,2047,2048,2049,2050,,,,,,,,,,,,,,,,,,,,,,,,,,,,,,,,,,,,,,,,,,,,,,,,,,,,,,,,,,,,,,,,,,,
,,,,,,,,,Construction Financing Cost ($/kW),Utility PV - Class 1,Advanced,$51,$56,$53,$50,$48,$45,$42,$40,$37,$34,$32,$29,$26,$24,$23,$23,$23,$23,$22,$22,$22,$21,$21,$21,$21,$20,$20,$20,$19,,,,,,,,,,,,,,,,,,,,,,,,,,,,,,,,,,,,,,,,,,,,,,,,,,,,,,,,,,,,,,,,,,,
,,,,,,,,,,Utility PV - Class 1,Moderate,$51,$56,$54,$52,$50,$47,$45,$43,$41,$39,$37,$35,$33,$31,$30,$30,$29,$29,$29,$28,$28,$27,$27,$26,$26,$25,$25,$24,$24,,,,,,,,,,,,,,,,,,,,,,,,,,,,,,,,,,,,,,,,,,,,,,,,,,,,,,,,,,,,,,,,,,,
,,,,,,,,,,Utility PV - Class 1,Conservative,$51,$56,$55,$53,$52,$51,$50,$48,$47,$46,$45,$44,$42,$41,$40,$40,$39,$38,$38,$37,$36,$36,$35,$34,$34,$33,$32,$32,$31,,,,,,,,,,,,,,,,,,,,,,,,,,,,,,,,,,,,,,,,,,,,,,,,,,,,,,,,,,,,,,,,,,,
,,,,,,,,,,Utility PV - Class 2,Advanced,$51,$56,$53,$50,$48,$45,$42,$40,$37,$34,$32,$29,$26,$24,$23,$23,$23,$23,$22,$22,$22,$21,$21,$21,$21,$20,$20,$20,$19,,,,,,,,,,,,,,,,,,,,,,,,,,,,,,,,,,,,,,,,,,,,,,,,,,,,,,,,,,,,,,,,,,,
,,,,,,,,,,Utility PV - Class 2,Moderate,$51,$56,$54,$52,$50,$47,$45,$43,$41,$39,$37,$35,$33,$31,$30,$30,$29,$29,$29,$28,$28,$27,$27,$26,$26,$25,$25,$24,$24,,,,,,,,,,,,,,,,,,,,,,,,,,,,,,,,,,,,,,,,,,,,,,,,,,,,,,,,,,,,,,,,,,,
,,,,,,,,,,Utility PV - Class 2,Conservative,$51,$56,$55,$53,$52,$51,$50,$48,$47,$46,$45,$44,$42,$41,$40,$40,$39,$38,$38,$37,$36,$36,$35,$34,$34,$33,$32,$32,$31,,,,,,,,,,,,,,,,,,,,,,,,,,,,,,,,,,,,,,,,,,,,,,,,,,,,,,,,,,,,,,,,,,,
,,,,,,,,,,Utility PV - Class 3,Advanced,$51,$56,$53,$50,$48,$45,$42,$40,$37,$34,$32,$29,$26,$24,$23,$23,$23,$23,$22,$22,$22,$21,$21,$21,$21,$20,$20,$20,$19,,,,,,,,,,,,,,,,,,,,,,,,,,,,,,,,,,,,,,,,,,,,,,,,,,,,,,,,,,,,,,,,,,,
,,,,,,,,,,Utility PV - Class 3,Moderate,$51,$56,$54,$52,$50,$47,$45,$43,$41,$39,$37,$35,$33,$31,$30,$30,$29,$29,$29,$28,$28,$27,$27,$26,$26,$25,$25,$24,$24,,,,,,,,,,,,,,,,,,,,,,,,,,,,,,,,,,,,,,,,,,,,,,,,,,,,,,,,,,,,,,,,,,,
,,,,,,,,,,Utility PV - Class 3,Conservative,$51,$56,$55,$53,$52,$51,$50,$48,$47,$46,$45,$44,$42,$41,$40,$40,$39,$38,$38,$37,$36,$36,$35,$34,$34,$33,$32,$32,$31,,,,,,,,,,,,,,,,,,,,,,,,,,,,,,,,,,,,,,,,,,,,,,,,,,,,,,,,,,,,,,,,,,,
,,,,,,,,,,Utility PV - Class 4,Advanced,$51,$56,$53,$50,$48,$45,$42,$40,$37,$34,$32,$29,$26,$24,$23,$23,$23,$23,$22,$22,$22,$21,$21,$21,$21,$20,$20,$20,$19,,,,,,,,,,,,,,,,,,,,,,,,,,,,,,,,,,,,,,,,,,,,,,,,,,,,,,,,,,,,,,,,,,,
,,,,,,,,,,Utility PV - Class 4,Moderate,$51,$56,$54,$52,$50,$47,$45,$43,$41,$39,$37,$35,$33,$31,$30,$30,$29,$29,$29,$28,$28,$27,$27,$26,$26,$25,$25,$24,$24,,,,,,,,,,,,,,,,,,,,,,,,,,,,,,,,,,,,,,,,,,,,,,,,,,,,,,,,,,,,,,,,,,,
,,,,,,,,,,Utility PV - Class 4,Conservative,$51,$56,$55,$53,$52,$51,$50,$48,$47,$46,$45,$44,$42,$41,$40,$40,$39,$38,$38,$37,$36,$36,$35,$34,$34,$33,$32,$32,$31,,,,,,,,,,,,,,,,,,,,,,,,,,,,,,,,,,,,,,,,,,,,,,,,,,,,,,,,,,,,,,,,,,,
,,,,,,,,,,Utility PV - Class 5,Advanced,$51,$56,$53,$50,$48,$45,$42,$40,$37,$34,$32,$29,$26,$24,$23,$23,$23,$23,$22,$22,$22,$21,$21,$21,$21,$20,$20,$20,$19,,,,,,,,,,,,,,,,,,,,,,,,,,,,,,,,,,,,,,,,,,,,,,,,,,,,,,,,,,,,,,,,,,,
,,,,,,,,,,Utility PV - Class 5,Moderate,$51,$56,$54,$52,$50,$47,$45,$43,$41,$39,$37,$35,$33,$31,$30,$30,$29,$29,$29,$28,$28,$27,$27,$26,$26,$25,$25,$24,$24,,,,,,,,,,,,,,,,,,,,,,,,,,,,,,,,,,,,,,,,,,,,,,,,,,,,,,,,,,,,,,,,,,,
,,,,,,,,,,Utility PV - Class 5,Conservative,$51,$56,$55,$53,$52,$51,$50,$48,$47,$46,$45,$44,$42,$41,$40,$40,$39,$38,$38,$37,$36,$36,$35,$34,$34,$33,$32,$32,$31,,,,,,,,,,,,,,,,,,,,,,,,,,,,,,,,,,,,,,,,,,,,,,,,,,,,,,,,,,,,,,,,,,,
,,,,,,,,,,Utility PV - Class 6,Advanced,$51,$56,$53,$50,$48,$45,$42,$40,$37,$34,$32,$29,$26,$24,$23,$23,$23,$23,$22,$22,$22,$21,$21,$21,$21,$20,$20,$20,$19,,,,,,,,,,,,,,,,,,,,,,,,,,,,,,,,,,,,,,,,,,,,,,,,,,,,,,,,,,,,,,,,,,,
,,,,,,,,,,Utility PV - Class 6,Moderate,$51,$56,$54,$52,$50,$47,$45,$43,$41,$39,$37,$35,$33,$31,$30,$30,$29,$29,$29,$28,$28,$27,$27,$26,$26,$25,$25,$24,$24,,,,,,,,,,,,,,,,,,,,,,,,,,,,,,,,,,,,,,,,,,,,,,,,,,,,,,,,,,,,,,,,,,,
,,,,,,,,,,Utility PV - Class 6,Conservative,$51,$56,$55,$53,$52,$51,$50,$48,$47,$46,$45,$44,$42,$41,$40,$40,$39,$38,$38,$37,$36,$36,$35,$34,$34,$33,$32,$32,$31,,,,,,,,,,,,,,,,,,,,,,,,,,,,,,,,,,,,,,,,,,,,,,,,,,,,,,,,,,,,,,,,,,,
,,,,,,,,,,Utility PV - Class 7,Advanced,$51,$56,$53,$50,$48,$45,$42,$40,$37,$34,$32,$29,$26,$24,$23,$23,$23,$23,$22,$22,$22,$21,$21,$21,$21,$20,$20,$20,$19,,,,,,,,,,,,,,,,,,,,,,,,,,,,,,,,,,,,,,,,,,,,,,,,,,,,,,,,,,,,,,,,,,,
,,,,,,,,,,Utility PV - Class 7,Moderate,$51,$56,$54,$52,$50,$47,$45,$43,$41,$39,$37,$35,$33,$31,$30,$30,$29,$29,$29,$28,$28,$27,$27,$26,$26,$25,$25,$24,$24,,,,,,,,,,,,,,,,,,,,,,,,,,,,,,,,,,,,,,,,,,,,,,,,,,,,,,,,,,,,,,,,,,,
,,,,,,,,,,Utility PV - Class 7,Conservative,$51,$56,$55,$53,$52,$51,$50,$48,$47,$46,$45,$44,$42,$41,$40,$40,$39,$38,$38,$37,$36,$36,$35,$34,$34,$33,$32,$32,$31,,,,,,,,,,,,,,,,,,,,,,,,,,,,,,,,,,,,,,,,,,,,,,,,,,,,,,,,,,,,,,,,,,,
,,,,,,,,,,Utility PV - Class 8,Advanced,$51,$56,$53,$50,$48,$45,$42,$40,$37,$34,$32,$29,$26,$24,$23,$23,$23,$23,$22,$22,$22,$21,$21,$21,$21,$20,$20,$20,$19,,,,,,,,,,,,,,,,,,,,,,,,,,,,,,,,,,,,,,,,,,,,,,,,,,,,,,,,,,,,,,,,,,,
,,,,,,,,,,Utility PV - Class 8,Moderate,$51,$56,$54,$52,$50,$47,$45,$43,$41,$39,$37,$35,$33,$31,$30,$30,$29,$29,$29,$28,$28,$27,$27,$26,$26,$25,$25,$24,$24,,,,,,,,,,,,,,,,,,,,,,,,,,,,,,,,,,,,,,,,,,,,,,,,,,,,,,,,,,,,,,,,,,,
,,,,,,,,,,Utility PV - Class 8,Conservative,$51,$56,$55,$53,$52,$51,$50,$48,$47,$46,$45,$44,$42,$41,$40,$40,$39,$38,$38,$37,$36,$36,$35,$34,$34,$33,$32,$32,$31,,,,,,,,,,,,,,,,,,,,,,,,,,,,,,,,,,,,,,,,,,,,,,,,,,,,,,,,,,,,,,,,,,,
,,,,,,,,,,Utility PV - Class 9,Advanced,$51,$56,$53,$50,$48,$45,$42,$40,$37,$34,$32,$29,$26,$24,$23,$23,$23,$23,$22,$22,$22,$21,$21,$21,$21,$20,$20,$20,$19,,,,,,,,,,,,,,,,,,,,,,,,,,,,,,,,,,,,,,,,,,,,,,,,,,,,,,,,,,,,,,,,,,,
,,,,,,,,,,Utility PV - Class 9,Moderate,$51,$56,$54,$52,$50,$47,$45,$43,$41,$39,$37,$35,$33,$31,$30,$30,$29,$29,$29,$28,$28,$27,$27,$26,$26,$25,$25,$24,$24,,,,,,,,,,,,,,,,,,,,,,,,,,,,,,,,,,,,,,,,,,,,,,,,,,,,,,,,,,,,,,,,,,,
,,,,,,,,,,Utility PV - Class 9,Conservative,$51,$56,$55,$53,$52,$51,$50,$48,$47,$46,$45,$44,$42,$41,$40,$40,$39,$38,$38,$37,$36,$36,$35,$34,$34,$33,$32,$32,$31,,,,,,,,,,,,,,,,,,,,,,,,,,,,,,,,,,,,,,,,,,,,,,,,,,,,,,,,,,,,,,,,,,,
,,,,,,,,,,Utility PV - Class 10,Advanced,$51,$56,$53,$50,$48,$45,$42,$40,$37,$34,$32,$29,$26,$24,$23,$23,$23,$23,$22,$22,$22,$21,$21,$21,$21,$20,$20,$20,$19,,,,,,,,,,,,,,,,,,,,,,,,,,,,,,,,,,,,,,,,,,,,,,,,,,,,,,,,,,,,,,,,,,,
,,,,,,,,,,Utility PV - Class 10,Moderate,$51,$56,$54,$52,$50,$47,$45,$43,$41,$39,$37,$35,$33,$31,$30,$30,$29,$29,$29,$28,$28,$27,$27,$26,$26,$25,$25,$24,$24,,,,,,,,,,,,,,,,,,,,,,,,,,,,,,,,,,,,,,,,,,,,,,,,,,,,,,,,,,,,,,,,,,,
,,,,,,,,,,Utility PV - Class 10,Conservative,$51,$56,$55,$53,$52,$51,$50,$48,$47,$46,$45,$44,$42,$41,$40,$40,$39,$38,$38,$37,$36,$36,$35,$34,$34,$33,$32,$32,$31,,,,,,,,,,,,,,,,,,,,,,,,,,,,,,,,,,,,,,,,,,,,,,,,,,,,,,,,,,,,,,,,,,,
,,,,,,,,,,,,,,,,,,,,,,,,,,,,,,,,,,,,,,,,,,,,,,,,,,,,,,,,,,,,,,,,,,,,,,,,,,,,,,,,,,,,,,,,,,,,,,,,,,,,,,,,,,,
,,,,,,,,,,,,2022,2023,2024,2025,2026,2027,2028,2029,2030,2031,2032,2033,2034,2035,2036,2037,2038,2039,2040,2041,2042,2043,2044,2045,2046,2047,2048,2049,2050,,,,,,,,,,,,,,,,,,,,,,,,,,,,,,,,,,,,,,,,,,,,,,,,,,,,,,,,,,,,,,,,,,,
,,,,,,,,,Overnight Capital Cost ($/kW),Utility PV - Class 1,Advanced,"$1,367 ","$1,435 ","$1,366 ","$1,297 ","$1,228 ","$1,160 ","$1,091 ","$1,022 ",$953 ,$884 ,$816 ,$747 ,$678 ,$609 ,$602 ,$594 ,$586 ,$578 ,$571 ,$563 ,$555 ,$547 ,$540 ,$532 ,$524 ,$516 ,$509 ,$501 ,$493 ,,,,,,,,,,,,,,,,,,,,,,,,,,,,,,,,,,,,,,,,,,,,,,,,,,,,,,,,,,,,,,,,,,,
,,,,,,,,,,Utility PV - Class 1,Moderate,"$1,367 ","$1,435 ","$1,379 ","$1,323 ","$1,267 ","$1,211 ","$1,155 ","$1,100 ","$1,044 ",$988 ,$932 ,$876 ,$820 ,$764 ,$751 ,$737 ,$723 ,$710 ,$696 ,$682 ,$669 ,$655 ,$641 ,$628 ,$614 ,$600 ,$587 ,$573 ,$559 ,,,,,,,,,,,,,,,,,,,,,,,,,,,,,,,,,,,,,,,,,,,,,,,,,,,,,,,,,,,,,,,,,,,
,,,,,,,,,,Utility PV - Class 1,Conservative,"$1,367 ","$1,435 ","$1,398 ","$1,362 ","$1,326 ","$1,289 ","$1,253 ","$1,216 ","$1,180 ","$1,144 ","$1,107 ","$1,071 ","$1,035 ",$998 ,$979 ,$960 ,$941 ,$922 ,$904 ,$885 ,$866 ,$847 ,$828 ,$809 ,$790 ,$771 ,$752 ,$733 ,$714 ,,,,,,,,,,,,,,,,,,,,,,,,,,,,,,,,,,,,,,,,,,,,,,,,,,,,,,,,,,,,,,,,,,,
,,,,,,,,,,Utility PV - Class 2,Advanced,"$1,367 ","$1,435 ","$1,366 ","$1,297 ","$1,228 ","$1,160 ","$1,091 ","$1,022 ",$953 ,$884 ,$816 ,$747 ,$678 ,$609 ,$602 ,$594 ,$586 ,$578 ,$571 ,$563 ,$555 ,$547 ,$540 ,$532 ,$524 ,$516 ,$509 ,$501 ,$493 ,,,,,,,,,,,,,,,,,,,,,,,,,,,,,,,,,,,,,,,,,,,,,,,,,,,,,,,,,,,,,,,,,,,
,,,,,,,,,,Utility PV - Class 2,Moderate,"$1,367 ","$1,435 ","$1,379 ","$1,323 ","$1,267 ","$1,211 ","$1,155 ","$1,100 ","$1,044 ",$988 ,$932 ,$876 ,$820 ,$764 ,$751 ,$737 ,$723 ,$710 ,$696 ,$682 ,$669 ,$655 ,$641 ,$628 ,$614 ,$600 ,$587 ,$573 ,$559 ,,,,,,,,,,,,,,,,,,,,,,,,,,,,,,,,,,,,,,,,,,,,,,,,,,,,,,,,,,,,,,,,,,,
,,,,,,,,,,Utility PV - Class 2,Conservative,"$1,367 ","$1,435 ","$1,398 ","$1,362 ","$1,326 ","$1,289 ","$1,253 ","$1,216 ","$1,180 ","$1,144 ","$1,107 ","$1,071 ","$1,035 ",$998 ,$979 ,$960 ,$941 ,$922 ,$904 ,$885 ,$866 ,$847 ,$828 ,$809 ,$790 ,$771 ,$752 ,$733 ,$714 ,,,,,,,,,,,,,,,,,,,,,,,,,,,,,,,,,,,,,,,,,,,,,,,,,,,,,,,,,,,,,,,,,,,
,,,,,,,,,,Utility PV - Class 3,Advanced,"$1,367 ","$1,435 ","$1,366 ","$1,297 ","$1,228 ","$1,160 ","$1,091 ","$1,022 ",$953 ,$884 ,$816 ,$747 ,$678 ,$609 ,$602 ,$594 ,$586 ,$578 ,$571 ,$563 ,$555 ,$547 ,$540 ,$532 ,$524 ,$516 ,$509 ,$501 ,$493 ,,,,,,,,,,,,,,,,,,,,,,,,,,,,,,,,,,,,,,,,,,,,,,,,,,,,,,,,,,,,,,,,,,,
,,,,,,,,,,Utility PV - Class 3,Moderate,"$1,367 ","$1,435 ","$1,379 ","$1,323 ","$1,267 ","$1,211 ","$1,155 ","$1,100 ","$1,044 ",$988 ,$932 ,$876 ,$820 ,$764 ,$751 ,$737 ,$723 ,$710 ,$696 ,$682 ,$669 ,$655 ,$641 ,$628 ,$614 ,$600 ,$587 ,$573 ,$559 ,,,,,,,,,,,,,,,,,,,,,,,,,,,,,,,,,,,,,,,,,,,,,,,,,,,,,,,,,,,,,,,,,,,
,,,,,,,,,,Utility PV - Class 3,Conservative,"$1,367 ","$1,435 ","$1,398 ","$1,362 ","$1,326 ","$1,289 ","$1,253 ","$1,216 ","$1,180 ","$1,144 ","$1,107 ","$1,071 ","$1,035 ",$998 ,$979 ,$960 ,$941 ,$922 ,$904 ,$885 ,$866 ,$847 ,$828 ,$809 ,$790 ,$771 ,$752 ,$733 ,$714 ,,,,,,,,,,,,,,,,,,,,,,,,,,,,,,,,,,,,,,,,,,,,,,,,,,,,,,,,,,,,,,,,,,,
,,,,,,,,,,Utility PV - Class 4,Advanced,"$1,367 ","$1,435 ","$1,366 ","$1,297 ","$1,228 ","$1,160 ","$1,091 ","$1,022 ",$953 ,$884 ,$816 ,$747 ,$678 ,$609 ,$602 ,$594 ,$586 ,$578 ,$571 ,$563 ,$555 ,$547 ,$540 ,$532 ,$524 ,$516 ,$509 ,$501 ,$493 ,,,,,,,,,,,,,,,,,,,,,,,,,,,,,,,,,,,,,,,,,,,,,,,,,,,,,,,,,,,,,,,,,,,
,,,,,,,,,,Utility PV - Class 4,Moderate,"$1,367 ","$1,435 ","$1,379 ","$1,323 ","$1,267 ","$1,211 ","$1,155 ","$1,100 ","$1,044 ",$988 ,$932 ,$876 ,$820 ,$764 ,$751 ,$737 ,$723 ,$710 ,$696 ,$682 ,$669 ,$655 ,$641 ,$628 ,$614 ,$600 ,$587 ,$573 ,$559 ,,,,,,,,,,,,,,,,,,,,,,,,,,,,,,,,,,,,,,,,,,,,,,,,,,,,,,,,,,,,,,,,,,,
,,,,,,,,,,Utility PV - Class 4,Conservative,"$1,367 ","$1,435 ","$1,398 ","$1,362 ","$1,326 ","$1,289 ","$1,253 ","$1,216 ","$1,180 ","$1,144 ","$1,107 ","$1,071 ","$1,035 ",$998 ,$979 ,$960 ,$941 ,$922 ,$904 ,$885 ,$866 ,$847 ,$828 ,$809 ,$790 ,$771 ,$752 ,$733 ,$714 ,,,,,,,,,,,,,,,,,,,,,,,,,,,,,,,,,,,,,,,,,,,,,,,,,,,,,,,,,,,,,,,,,,,
,,,,,,,,,,Utility PV - Class 5,Advanced,"$1,367 ","$1,435 ","$1,366 ","$1,297 ","$1,228 ","$1,160 ","$1,091 ","$1,022 ",$953 ,$884 ,$816 ,$747 ,$678 ,$609 ,$602 ,$594 ,$586 ,$578 ,$571 ,$563 ,$555 ,$547 ,$540 ,$532 ,$524 ,$516 ,$509 ,$501 ,$493 ,,,,,,,,,,,,,,,,,,,,,,,,,,,,,,,,,,,,,,,,,,,,,,,,,,,,,,,,,,,,,,,,,,,
,,,,,,,,,,Utility PV - Class 5,Moderate,"$1,367 ","$1,435 ","$1,379 ","$1,323 ","$1,267 ","$1,211 ","$1,155 ","$1,100 ","$1,044 ",$988 ,$932 ,$876 ,$820 ,$764 ,$751 ,$737 ,$723 ,$710 ,$696 ,$682 ,$669 ,$655 ,$641 ,$628 ,$614 ,$600 ,$587 ,$573 ,$559 ,,,,,,,,,,,,,,,,,,,,,,,,,,,,,,,,,,,,,,,,,,,,,,,,,,,,,,,,,,,,,,,,,,,
,,,,,,,,,,Utility PV - Class 5,Conservative,"$1,367 ","$1,435 ","$1,398 ","$1,362 ","$1,326 ","$1,289 ","$1,253 ","$1,216 ","$1,180 ","$1,144 ","$1,107 ","$1,071 ","$1,035 ",$998 ,$979 ,$960 ,$941 ,$922 ,$904 ,$885 ,$866 ,$847 ,$828 ,$809 ,$790 ,$771 ,$752 ,$733 ,$714 ,,,,,,,,,,,,,,,,,,,,,,,,,,,,,,,,,,,,,,,,,,,,,,,,,,,,,,,,,,,,,,,,,,,
,,,,,,,,,,Utility PV - Class 6,Advanced,"$1,367 ","$1,435 ","$1,366 ","$1,297 ","$1,228 ","$1,160 ","$1,091 ","$1,022 ",$953 ,$884 ,$816 ,$747 ,$678 ,$609 ,$602 ,$594 ,$586 ,$578 ,$571 ,$563 ,$555 ,$547 ,$540 ,$532 ,$524 ,$516 ,$509 ,$501 ,$493 ,,,,,,,,,,,,,,,,,,,,,,,,,,,,,,,,,,,,,,,,,,,,,,,,,,,,,,,,,,,,,,,,,,,
,,,,,,,,,,Utility PV - Class 6,Moderate,"$1,367 ","$1,435 ","$1,379 ","$1,323 ","$1,267 ","$1,211 ","$1,155 ","$1,100 ","$1,044 ",$988 ,$932 ,$876 ,$820 ,$764 ,$751 ,$737 ,$723 ,$710 ,$696 ,$682 ,$669 ,$655 ,$641 ,$628 ,$614 ,$600 ,$587 ,$573 ,$559 ,,,,,,,,,,,,,,,,,,,,,,,,,,,,,,,,,,,,,,,,,,,,,,,,,,,,,,,,,,,,,,,,,,,
,,,,,,,,,,Utility PV - Class 6,Conservative,"$1,367 ","$1,435 ","$1,398 ","$1,362 ","$1,326 ","$1,289 ","$1,253 ","$1,216 ","$1,180 ","$1,144 ","$1,107 ","$1,071 ","$1,035 ",$998 ,$979 ,$960 ,$941 ,$922 ,$904 ,$885 ,$866 ,$847 ,$828 ,$809 ,$790 ,$771 ,$752 ,$733 ,$714 ,,,,,,,,,,,,,,,,,,,,,,,,,,,,,,,,,,,,,,,,,,,,,,,,,,,,,,,,,,,,,,,,,,,
,,,,,,,,,,Utility PV - Class 7,Advanced,"$1,367 ","$1,435 ","$1,366 ","$1,297 ","$1,228 ","$1,160 ","$1,091 ","$1,022 ",$953 ,$884 ,$816 ,$747 ,$678 ,$609 ,$602 ,$594 ,$586 ,$578 ,$571 ,$563 ,$555 ,$547 ,$540 ,$532 ,$524 ,$516 ,$509 ,$501 ,$493 ,,,,,,,,,,,,,,,,,,,,,,,,,,,,,,,,,,,,,,,,,,,,,,,,,,,,,,,,,,,,,,,,,,,
,,,,,,,,,,Utility PV - Class 7,Moderate,"$1,367 ","$1,435 ","$1,379 ","$1,323 ","$1,267 ","$1,211 ","$1,155 ","$1,100 ","$1,044 ",$988 ,$932 ,$876 ,$820 ,$764 ,$751 ,$737 ,$723 ,$710 ,$696 ,$682 ,$669 ,$655 ,$641 ,$628 ,$614 ,$600 ,$587 ,$573 ,$559 ,,,,,,,,,,,,,,,,,,,,,,,,,,,,,,,,,,,,,,,,,,,,,,,,,,,,,,,,,,,,,,,,,,,
,,,,,,,,,,Utility PV - Class 7,Conservative,"$1,367 ","$1,435 ","$1,398 ","$1,362 ","$1,326 ","$1,289 ","$1,253 ","$1,216 ","$1,180 ","$1,144 ","$1,107 ","$1,071 ","$1,035 ",$998 ,$979 ,$960 ,$941 ,$922 ,$904 ,$885 ,$866 ,$847 ,$828 ,$809 ,$790 ,$771 ,$752 ,$733 ,$714 ,,,,,,,,,,,,,,,,,,,,,,,,,,,,,,,,,,,,,,,,,,,,,,,,,,,,,,,,,,,,,,,,,,,
,,,,,,,,,,Utility PV - Class 8,Advanced,"$1,367 ","$1,435 ","$1,366 ","$1,297 ","$1,228 ","$1,160 ","$1,091 ","$1,022 ",$953 ,$884 ,$816 ,$747 ,$678 ,$609 ,$602 ,$594 ,$586 ,$578 ,$571 ,$563 ,$555 ,$547 ,$540 ,$532 ,$524 ,$516 ,$509 ,$501 ,$493 ,,,,,,,,,,,,,,,,,,,,,,,,,,,,,,,,,,,,,,,,,,,,,,,,,,,,,,,,,,,,,,,,,,,
,,,,,,,,,,Utility PV - Class 8,Moderate,"$1,367 ","$1,435 ","$1,379 ","$1,323 ","$1,267 ","$1,211 ","$1,155 ","$1,100 ","$1,044 ",$988 ,$932 ,$876 ,$820 ,$764 ,$751 ,$737 ,$723 ,$710 ,$696 ,$682 ,$669 ,$655 ,$641 ,$628 ,$614 ,$600 ,$587 ,$573 ,$559 ,,,,,,,,,,,,,,,,,,,,,,,,,,,,,,,,,,,,,,,,,,,,,,,,,,,,,,,,,,,,,,,,,,,
,,,,,,,,,,Utility PV - Class 8,Conservative,"$1,367 ","$1,435 ","$1,398 ","$1,362 ","$1,326 ","$1,289 ","$1,253 ","$1,216 ","$1,180 ","$1,144 ","$1,107 ","$1,071 ","$1,035 ",$998 ,$979 ,$960 ,$941 ,$922 ,$904 ,$885 ,$866 ,$847 ,$828 ,$809 ,$790 ,$771 ,$752 ,$733 ,$714 ,,,,,,,,,,,,,,,,,,,,,,,,,,,,,,,,,,,,,,,,,,,,,,,,,,,,,,,,,,,,,,,,,,,
,,,,,,,,,,Utility PV - Class 9,Advanced,"$1,367 ","$1,435 ","$1,366 ","$1,297 ","$1,228 ","$1,160 ","$1,091 ","$1,022 ",$953 ,$884 ,$816 ,$747 ,$678 ,$609 ,$602 ,$594 ,$586 ,$578 ,$571 ,$563 ,$555 ,$547 ,$540 ,$532 ,$524 ,$516 ,$509 ,$501 ,$493 ,,,,,,,,,,,,,,,,,,,,,,,,,,,,,,,,,,,,,,,,,,,,,,,,,,,,,,,,,,,,,,,,,,,
,,,,,,,,,,Utility PV - Class 9,Moderate,"$1,367 ","$1,435 ","$1,379 ","$1,323 ","$1,267 ","$1,211 ","$1,155 ","$1,100 ","$1,044 ",$988 ,$932 ,$876 ,$820 ,$764 ,$751 ,$737 ,$723 ,$710 ,$696 ,$682 ,$669 ,$655 ,$641 ,$628 ,$614 ,$600 ,$587 ,$573 ,$559 ,,,,,,,,,,,,,,,,,,,,,,,,,,,,,,,,,,,,,,,,,,,,,,,,,,,,,,,,,,,,,,,,,,,
,,,,,,,,,,Utility PV - Class 9,Conservative,"$1,367 ","$1,435 ","$1,398 ","$1,362 ","$1,326 ","$1,289 ","$1,253 ","$1,216 ","$1,180 ","$1,144 ","$1,107 ","$1,071 ","$1,035 ",$998 ,$979 ,$960 ,$941 ,$922 ,$904 ,$885 ,$866 ,$847 ,$828 ,$809 ,$790 ,$771 ,$752 ,$733 ,$714 ,,,,,,,,,,,,,,,,,,,,,,,,,,,,,,,,,,,,,,,,,,,,,,,,,,,,,,,,,,,,,,,,,,,
,,,,,,,,,,Utility PV - Class 10,Advanced,"$1,367 ","$1,435 ","$1,366 ","$1,297 ","$1,228 ","$1,160 ","$1,091 ","$1,022 ",$953 ,$884 ,$816 ,$747 ,$678 ,$609 ,$602 ,$594 ,$586 ,$578 ,$571 ,$563 ,$555 ,$547 ,$540 ,$532 ,$524 ,$516 ,$509 ,$501 ,$493 ,,,,,,,,,,,,,,,,,,,,,,,,,,,,,,,,,,,,,,,,,,,,,,,,,,,,,,,,,,,,,,,,,,,
,,,,,,,,,,Utility PV - Class 10,Moderate,"$1,367 ","$1,435 ","$1,379 ","$1,323 ","$1,267 ","$1,211 ","$1,155 ","$1,100 ","$1,044 ",$988 ,$932 ,$876 ,$820 ,$764 ,$751 ,$737 ,$723 ,$710 ,$696 ,$682 ,$669 ,$655 ,$641 ,$628 ,$614 ,$600 ,$587 ,$573 ,$559 ,,,,,,,,,,,,,,,,,,,,,,,,,,,,,,,,,,,,,,,,,,,,,,,,,,,,,,,,,,,,,,,,,,,
,,,,,,,,,,Utility PV - Class 10,Conservative,"$1,367 ","$1,435 ","$1,398 ","$1,362 ","$1,326 ","$1,289 ","$1,253 ","$1,216 ","$1,180 ","$1,144 ","$1,107 ","$1,071 ","$1,035 ",$998 ,$979 ,$960 ,$941 ,$922 ,$904 ,$885 ,$866 ,$847 ,$828 ,$809 ,$790 ,$771 ,$752 ,$733 ,$714 ,,,,,,,,,,,,,,,,,,,,,,,,,,,,,,,,,,,,,,,,,,,,,,,,,,,,,,,,,,,,,,,,,,,
,,,,,,,,,,,,,,,,,,,,,,,,,,,,,,,,,,,,,,,,,,,,,,,,,,,,,,,,,,,,,,,,,,,,,,,,,,,,,,,,,,,,,,,,,,,,,,,,,,,,,,,,,,,
,,,,,,,,,,,,2022,2023,2024,2025,2026,2027,2028,2029,2030,2031,2032,2033,2034,2035,2036,2037,2038,2039,2040,2041,2042,2043,2044,2045,2046,2047,2048,2049,2050,,,,,,,,,,,,,,,,,,,,,,,,,,,,,,,,,,,,,,,,,,,,,,,,,,,,,,,,,,,,,,,,,,,
,,,,,,,,,Fixed Operation and Maintenance Expenses ($/kW-yr),Utility PV - Class 1,Advanced,$24 ,$22 ,$21 ,$21 ,$20 ,$19 ,$18 ,$17 ,$17 ,$16 ,$15 ,$14 ,$14 ,$13 ,$13 ,$13 ,$12 ,$12 ,$12 ,$12 ,$12 ,$12 ,$12 ,$12 ,$12 ,$12 ,$12 ,$11 ,$11 ,,,,,,,,,,,,,,,,,,,,,,,,,,,,,,,,,,,,,,,,,,,,,,,,,,,,,,,,,,,,,,,,,,,
,,,,,,,,,,Utility PV - Class 1,Moderate,$24 ,$22 ,$22 ,$21 ,$20 ,$20 ,$19 ,$19 ,$18 ,$17 ,$17 ,$16 ,$16 ,$15 ,$15 ,$15 ,$15 ,$14 ,$14 ,$14 ,$14 ,$14 ,$14 ,$14 ,$13 ,$13 ,$13 ,$13 ,$13 ,,,,,,,,,,,,,,,,,,,,,,,,,,,,,,,,,,,,,,,,,,,,,,,,,,,,,,,,,,,,,,,,,,,
,,,,,,,,,,Utility PV - Class 1,Conservative,$24 ,$22 ,$22 ,$22 ,$21 ,$21 ,$20 ,$20 ,$20 ,$19 ,$19 ,$19 ,$18 ,$18 ,$18 ,$18 ,$17 ,$17 ,$17 ,$17 ,$17 ,$16 ,$16 ,$16 ,$16 ,$16 ,$15 ,$15 ,$15 ,,,,,,,,,,,,,,,,,,,,,,,,,,,,,,,,,,,,,,,,,,,,,,,,,,,,,,,,,,,,,,,,,,,
,,,,,,,,,,Utility PV - Class 2,Advanced,$24 ,$22 ,$21 ,$21 ,$20 ,$19 ,$18 ,$17 ,$17 ,$16 ,$15 ,$14 ,$14 ,$13 ,$13 ,$13 ,$12 ,$12 ,$12 ,$12 ,$12 ,$12 ,$12 ,$12 ,$12 ,$12 ,$12 ,$11 ,$11 ,,,,,,,,,,,,,,,,,,,,,,,,,,,,,,,,,,,,,,,,,,,,,,,,,,,,,,,,,,,,,,,,,,,
,,,,,,,,,,Utility PV - Class 2,Moderate,$24 ,$22 ,$22 ,$21 ,$20 ,$20 ,$19 ,$19 ,$18 ,$17 ,$17 ,$16 ,$16 ,$15 ,$15 ,$15 ,$15 ,$14 ,$14 ,$14 ,$14 ,$14 ,$14 ,$14 ,$13 ,$13 ,$13 ,$13 ,$13 ,,,,,,,,,,,,,,,,,,,,,,,,,,,,,,,,,,,,,,,,,,,,,,,,,,,,,,,,,,,,,,,,,,,
,,,,,,,,,,Utility PV - Class 2,Conservative,$24 ,$22 ,$22 ,$22 ,$21 ,$21 ,$20 ,$20 ,$20 ,$19 ,$19 ,$19 ,$18 ,$18 ,$18 ,$18 ,$17 ,$17 ,$17 ,$17 ,$17 ,$16 ,$16 ,$16 ,$16 ,$16 ,$15 ,$15 ,$15 ,,,,,,,,,,,,,,,,,,,,,,,,,,,,,,,,,,,,,,,,,,,,,,,,,,,,,,,,,,,,,,,,,,,
,,,,,,,,,,Utility PV - Class 3,Advanced,$24 ,$22 ,$21 ,$21 ,$20 ,$19 ,$18 ,$17 ,$17 ,$16 ,$15 ,$14 ,$14 ,$13 ,$13 ,$13 ,$12 ,$12 ,$12 ,$12 ,$12 ,$12 ,$12 ,$12 ,$12 ,$12 ,$12 ,$11 ,$11 ,,,,,,,,,,,,,,,,,,,,,,,,,,,,,,,,,,,,,,,,,,,,,,,,,,,,,,,,,,,,,,,,,,,
,,,,,,,,,,Utility PV - Class 3,Moderate,$24 ,$22 ,$22 ,$21 ,$20 ,$20 ,$19 ,$19 ,$18 ,$17 ,$17 ,$16 ,$16 ,$15 ,$15 ,$15 ,$15 ,$14 ,$14 ,$14 ,$14 ,$14 ,$14 ,$14 ,$13 ,$13 ,$13 ,$13 ,$13 ,,,,,,,,,,,,,,,,,,,,,,,,,,,,,,,,,,,,,,,,,,,,,,,,,,,,,,,,,,,,,,,,,,,
,,,,,,,,,,Utility PV - Class 3,Conservative,$24 ,$22 ,$22 ,$22 ,$21 ,$21 ,$20 ,$20 ,$20 ,$19 ,$19 ,$19 ,$18 ,$18 ,$18 ,$18 ,$17 ,$17 ,$17 ,$17 ,$17 ,$16 ,$16 ,$16 ,$16 ,$16 ,$15 ,$15 ,$15 ,,,,,,,,,,,,,,,,,,,,,,,,,,,,,,,,,,,,,,,,,,,,,,,,,,,,,,,,,,,,,,,,,,,
,,,,,,,,,,Utility PV - Class 4,Advanced,$24 ,$22 ,$21 ,$21 ,$20 ,$19 ,$18 ,$17 ,$17 ,$16 ,$15 ,$14 ,$14 ,$13 ,$13 ,$13 ,$12 ,$12 ,$12 ,$12 ,$12 ,$12 ,$12 ,$12 ,$12 ,$12 ,$12 ,$11 ,$11 ,,,,,,,,,,,,,,,,,,,,,,,,,,,,,,,,,,,,,,,,,,,,,,,,,,,,,,,,,,,,,,,,,,,
,,,,,,,,,,Utility PV - Class 4,Moderate,$24 ,$22 ,$22 ,$21 ,$20 ,$20 ,$19 ,$19 ,$18 ,$17 ,$17 ,$16 ,$16 ,$15 ,$15 ,$15 ,$15 ,$14 ,$14 ,$14 ,$14 ,$14 ,$14 ,$14 ,$13 ,$13 ,$13 ,$13 ,$13 ,,,,,,,,,,,,,,,,,,,,,,,,,,,,,,,,,,,,,,,,,,,,,,,,,,,,,,,,,,,,,,,,,,,
,,,,,,,,,,Utility PV - Class 4,Conservative,$24 ,$22 ,$22 ,$22 ,$21 ,$21 ,$20 ,$20 ,$20 ,$19 ,$19 ,$19 ,$18 ,$18 ,$18 ,$18 ,$17 ,$17 ,$17 ,$17 ,$17 ,$16 ,$16 ,$16 ,$16 ,$16 ,$15 ,$15 ,$15 ,,,,,,,,,,,,,,,,,,,,,,,,,,,,,,,,,,,,,,,,,,,,,,,,,,,,,,,,,,,,,,,,,,,
,,,,,,,,,,Utility PV - Class 5,Advanced,$24 ,$22 ,$21 ,$21 ,$20 ,$19 ,$18 ,$17 ,$17 ,$16 ,$15 ,$14 ,$14 ,$13 ,$13 ,$13 ,$12 ,$12 ,$12 ,$12 ,$12 ,$12 ,$12 ,$12 ,$12 ,$12 ,$12 ,$11 ,$11 ,,,,,,,,,,,,,,,,,,,,,,,,,,,,,,,,,,,,,,,,,,,,,,,,,,,,,,,,,,,,,,,,,,,
,,,,,,,,,,Utility PV - Class 5,Moderate,$24 ,$22 ,$22 ,$21 ,$20 ,$20 ,$19 ,$19 ,$18 ,$17 ,$17 ,$16 ,$16 ,$15 ,$15 ,$15 ,$15 ,$14 ,$14 ,$14 ,$14 ,$14 ,$14 ,$14 ,$13 ,$13 ,$13 ,$13 ,$13 ,,,,,,,,,,,,,,,,,,,,,,,,,,,,,,,,,,,,,,,,,,,,,,,,,,,,,,,,,,,,,,,,,,,
,,,,,,,,,,Utility PV - Class 5,Conservative,$24 ,$22 ,$22 ,$22 ,$21 ,$21 ,$20 ,$20 ,$20 ,$19 ,$19 ,$19 ,$18 ,$18 ,$18 ,$18 ,$17 ,$17 ,$17 ,$17 ,$17 ,$16 ,$16 ,$16 ,$16 ,$16 ,$15 ,$15 ,$15 ,,,,,,,,,,,,,,,,,,,,,,,,,,,,,,,,,,,,,,,,,,,,,,,,,,,,,,,,,,,,,,,,,,,
,,,,,,,,,,Utility PV - Class 6,Advanced,$24 ,$22 ,$21 ,$21 ,$20 ,$19 ,$18 ,$17 ,$17 ,$16 ,$15 ,$14 ,$14 ,$13 ,$13 ,$13 ,$12 ,$12 ,$12 ,$12 ,$12 ,$12 ,$12 ,$12 ,$12 ,$12 ,$12 ,$11 ,$11 ,,,,,,,,,,,,,,,,,,,,,,,,,,,,,,,,,,,,,,,,,,,,,,,,,,,,,,,,,,,,,,,,,,,
,,,,,,,,,,Utility PV - Class 6,Moderate,$24 ,$22 ,$22 ,$21 ,$20 ,$20 ,$19 ,$19 ,$18 ,$17 ,$17 ,$16 ,$16 ,$15 ,$15 ,$15 ,$15 ,$14 ,$14 ,$14 ,$14 ,$14 ,$14 ,$14 ,$13 ,$13 ,$13 ,$13 ,$13 ,,,,,,,,,,,,,,,,,,,,,,,,,,,,,,,,,,,,,,,,,,,,,,,,,,,,,,,,,,,,,,,,,,,
,,,,,,,,,,Utility PV - Class 6,Conservative,$24 ,$22 ,$22 ,$22 ,$21 ,$21 ,$20 ,$20 ,$20 ,$19 ,$19 ,$19 ,$18 ,$18 ,$18 ,$18 ,$17 ,$17 ,$17 ,$17 ,$17 ,$16 ,$16 ,$16 ,$16 ,$16 ,$15 ,$15 ,$15 ,,,,,,,,,,,,,,,,,,,,,,,,,,,,,,,,,,,,,,,,,,,,,,,,,,,,,,,,,,,,,,,,,,,
,,,,,,,,,,Utility PV - Class 7,Advanced,$24 ,$22 ,$21 ,$21 ,$20 ,$19 ,$18 ,$17 ,$17 ,$16 ,$15 ,$14 ,$14 ,$13 ,$13 ,$13 ,$12 ,$12 ,$12 ,$12 ,$12 ,$12 ,$12 ,$12 ,$12 ,$12 ,$12 ,$11 ,$11 ,,,,,,,,,,,,,,,,,,,,,,,,,,,,,,,,,,,,,,,,,,,,,,,,,,,,,,,,,,,,,,,,,,,
,,,,,,,,,,Utility PV - Class 7,Moderate,$24 ,$22 ,$22 ,$21 ,$20 ,$20 ,$19 ,$19 ,$18 ,$17 ,$17 ,$16 ,$16 ,$15 ,$15 ,$15 ,$15 ,$14 ,$14 ,$14 ,$14 ,$14 ,$14 ,$14 ,$13 ,$13 ,$13 ,$13 ,$13 ,,,,,,,,,,,,,,,,,,,,,,,,,,,,,,,,,,,,,,,,,,,,,,,,,,,,,,,,,,,,,,,,,,,
,,,,,,,,,,Utility PV - Class 7,Conservative,$24 ,$22 ,$22 ,$22 ,$21 ,$21 ,$20 ,$20 ,$20 ,$19 ,$19 ,$19 ,$18 ,$18 ,$18 ,$18 ,$17 ,$17 ,$17 ,$17 ,$17 ,$16 ,$16 ,$16 ,$16 ,$16 ,$15 ,$15 ,$15 ,,,,,,,,,,,,,,,,,,,,,,,,,,,,,,,,,,,,,,,,,,,,,,,,,,,,,,,,,,,,,,,,,,,
,,,,,,,,,,Utility PV - Class 8,Advanced,$24 ,$22 ,$21 ,$21 ,$20 ,$19 ,$18 ,$17 ,$17 ,$16 ,$15 ,$14 ,$14 ,$13 ,$13 ,$13 ,$12 ,$12 ,$12 ,$12 ,$12 ,$12 ,$12 ,$12 ,$12 ,$12 ,$12 ,$11 ,$11 ,,,,,,,,,,,,,,,,,,,,,,,,,,,,,,,,,,,,,,,,,,,,,,,,,,,,,,,,,,,,,,,,,,,
,,,,,,,,,,Utility PV - Class 8,Moderate,$24 ,$22 ,$22 ,$21 ,$20 ,$20 ,$19 ,$19 ,$18 ,$17 ,$17 ,$16 ,$16 ,$15 ,$15 ,$15 ,$15 ,$14 ,$14 ,$14 ,$14 ,$14 ,$14 ,$14 ,$13 ,$13 ,$13 ,$13 ,$13 ,,,,,,,,,,,,,,,,,,,,,,,,,,,,,,,,,,,,,,,,,,,,,,,,,,,,,,,,,,,,,,,,,,,
,,,,,,,,,,Utility PV - Class 8,Conservative,$24 ,$22 ,$22 ,$22 ,$21 ,$21 ,$20 ,$20 ,$20 ,$19 ,$19 ,$19 ,$18 ,$18 ,$18 ,$18 ,$17 ,$17 ,$17 ,$17 ,$17 ,$16 ,$16 ,$16 ,$16 ,$16 ,$15 ,$15 ,$15 ,,,,,,,,,,,,,,,,,,,,,,,,,,,,,,,,,,,,,,,,,,,,,,,,,,,,,,,,,,,,,,,,,,,
,,,,,,,,,,Utility PV - Class 9,Advanced,$24 ,$22 ,$21 ,$21 ,$20 ,$19 ,$18 ,$17 ,$17 ,$16 ,$15 ,$14 ,$14 ,$13 ,$13 ,$13 ,$12 ,$12 ,$12 ,$12 ,$12 ,$12 ,$12 ,$12 ,$12 ,$12 ,$12 ,$11 ,$11 ,,,,,,,,,,,,,,,,,,,,,,,,,,,,,,,,,,,,,,,,,,,,,,,,,,,,,,,,,,,,,,,,,,,
,,,,,,,,,,Utility PV - Class 9,Moderate,$24 ,$22 ,$22 ,$21 ,$20 ,$20 ,$19 ,$19 ,$18 ,$17 ,$17 ,$16 ,$16 ,$15 ,$15 ,$15 ,$15 ,$14 ,$14 ,$14 ,$14 ,$14 ,$14 ,$14 ,$13 ,$13 ,$13 ,$13 ,$13 ,,,,,,,,,,,,,,,,,,,,,,,,,,,,,,,,,,,,,,,,,,,,,,,,,,,,,,,,,,,,,,,,,,,
,,,,,,,,,,Utility PV - Class 9,Conservative,$24 ,$22 ,$22 ,$22 ,$21 ,$21 ,$20 ,$20 ,$20 ,$19 ,$19 ,$19 ,$18 ,$18 ,$18 ,$18 ,$17 ,$17 ,$17 ,$17 ,$17 ,$16 ,$16 ,$16 ,$16 ,$16 ,$15 ,$15 ,$15 ,,,,,,,,,,,,,,,,,,,,,,,,,,,,,,,,,,,,,,,,,,,,,,,,,,,,,,,,,,,,,,,,,,,
,,,,,,,,,,Utility PV - Class 10,Advanced,$24 ,$22 ,$21 ,$21 ,$20 ,$19 ,$18 ,$17 ,$17 ,$16 ,$15 ,$14 ,$14 ,$13 ,$13 ,$13 ,$12 ,$12 ,$12 ,$12 ,$12 ,$12 ,$12 ,$12 ,$12 ,$12 ,$12 ,$11 ,$11 ,,,,,,,,,,,,,,,,,,,,,,,,,,,,,,,,,,,,,,,,,,,,,,,,,,,,,,,,,,,,,,,,,,,
,,,,,,,,,,Utility PV - Class 10,Moderate,$24 ,$22 ,$22 ,$21 ,$20 ,$20 ,$19 ,$19 ,$18 ,$17 ,$17 ,$16 ,$16 ,$15 ,$15 ,$15 ,$15 ,$14 ,$14 ,$14 ,$14 ,$14 ,$14 ,$14 ,$13 ,$13 ,$13 ,$13 ,$13 ,,,,,,,,,,,,,,,,,,,,,,,,,,,,,,,,,,,,,,,,,,,,,,,,,,,,,,,,,,,,,,,,,,,
,,,,,,,,,,Utility PV - Class 10,Conservative,$24 ,$22 ,$22 ,$22 ,$21 ,$21 ,$20 ,$20 ,$20 ,$19 ,$19 ,$19 ,$18 ,$18 ,$18 ,$18 ,$17 ,$17 ,$17 ,$17 ,$17 ,$16 ,$16 ,$16 ,$16 ,$16 ,$15 ,$15 ,$15 ,,,,,,,,,,,,,,,,,,,,,,,,,,,,,,,,,,,,,,,,,,,,,,,,,,,,,,,,,,,,,,,,,,,
,,,,,,,,,,,,,,,,,,,,,,,,,,,,,,,,,,,,,,,,,,,,,,,,,,,,,,,,,,,,,,,,,,,,,,,,,,,,,,,,,,,,,,,,,,,,,,,,,,,,,,,,,,,
 ,,,,,,,,,,,,2022,2023,2024,2025,2026,2027,2028,2029,2030,2031,2032,2033,2034,2035,2036,2037,2038,2039,2040,2041,2042,2043,2044,2045,2046,2047,2048,2049,2050,,,,,,,,,,,,,,,,,,,,,,,,,,,,,,,,,,,,,,,,,,,,,,,,,,,,,,,,,,,,,,,,,,,
,,,,,,,,,Variable Operation and Maintenance Expenses ($/MWh),Utility PV - Class 1,Advanced,$0,$0,$0,$0,$0,$0,$0,$0,$0,$0,$0,$0,$0,$0,$0,$0,$0,$0,$0,$0,$0,$0,$0,$0,$0,$0,$0,$0,$0,,,,,,,,,,,,,,,,,,,,,,,,,,,,,,,,,,,,,,,,,,,,,,,,,,,,,,,,,,,,,,,,,,,
,,,,,,,,,,Utility PV - Class 1,Moderate,$0,$0,$0,$0,$0,$0,$0,$0,$0,$0,$0,$0,$0,$0,$0,$0,$0,$0,$0,$0,$0,$0,$0,$0,$0,$0,$0,$0,$0,,,,,,,,,,,,,,,,,,,,,,,,,,,,,,,,,,,,,,,,,,,,,,,,,,,,,,,,,,,,,,,,,,,
,,,,,,,,,,Utility PV - Class 1,Conservative,$0,$0,$0,$0,$0,$0,$0,$0,$0,$0,$0,$0,$0,$0,$0,$0,$0,$0,$0,$0,$0,$0,$0,$0,$0,$0,$0,$0,$0,,,,,,,,,,,,,,,,,,,,,,,,,,,,,,,,,,,,,,,,,,,,,,,,,,,,,,,,,,,,,,,,,,,
,,,,,,,,,,Utility PV - Class 2,Advanced,$0,$0,$0,$0,$0,$0,$0,$0,$0,$0,$0,$0,$0,$0,$0,$0,$0,$0,$0,$0,$0,$0,$0,$0,$0,$0,$0,$0,$0,,,,,,,,,,,,,,,,,,,,,,,,,,,,,,,,,,,,,,,,,,,,,,,,,,,,,,,,,,,,,,,,,,,
,,,,,,,,,,Utility PV - Class 2,Moderate,$0,$0,$0,$0,$0,$0,$0,$0,$0,$0,$0,$0,$0,$0,$0,$0,$0,$0,$0,$0,$0,$0,$0,$0,$0,$0,$0,$0,$0,,,,,,,,,,,,,,,,,,,,,,,,,,,,,,,,,,,,,,,,,,,,,,,,,,,,,,,,,,,,,,,,,,,
,,,,,,,,,,Utility PV - Class 2,Conservative,$0,$0,$0,$0,$0,$0,$0,$0,$0,$0,$0,$0,$0,$0,$0,$0,$0,$0,$0,$0,$0,$0,$0,$0,$0,$0,$0,$0,$0,,,,,,,,,,,,,,,,,,,,,,,,,,,,,,,,,,,,,,,,,,,,,,,,,,,,,,,,,,,,,,,,,,,
,,,,,,,,,,Utility PV - Class 3,Advanced,$0,$0,$0,$0,$0,$0,$0,$0,$0,$0,$0,$0,$0,$0,$0,$0,$0,$0,$0,$0,$0,$0,$0,$0,$0,$0,$0,$0,$0,,,,,,,,,,,,,,,,,,,,,,,,,,,,,,,,,,,,,,,,,,,,,,,,,,,,,,,,,,,,,,,,,,,
,,,,,,,,,,Utility PV - Class 3,Moderate,$0,$0,$0,$0,$0,$0,$0,$0,$0,$0,$0,$0,$0,$0,$0,$0,$0,$0,$0,$0,$0,$0,$0,$0,$0,$0,$0,$0,$0,,,,,,,,,,,,,,,,,,,,,,,,,,,,,,,,,,,,,,,,,,,,,,,,,,,,,,,,,,,,,,,,,,,
,,,,,,,,,,Utility PV - Class 3,Conservative,$0,$0,$0,$0,$0,$0,$0,$0,$0,$0,$0,$0,$0,$0,$0,$0,$0,$0,$0,$0,$0,$0,$0,$0,$0,$0,$0,$0,$0,,,,,,,,,,,,,,,,,,,,,,,,,,,,,,,,,,,,,,,,,,,,,,,,,,,,,,,,,,,,,,,,,,,
,,,,,,,,,,Utility PV - Class 4,Advanced,$0,$0,$0,$0,$0,$0,$0,$0,$0,$0,$0,$0,$0,$0,$0,$0,$0,$0,$0,$0,$0,$0,$0,$0,$0,$0,$0,$0,$0,,,,,,,,,,,,,,,,,,,,,,,,,,,,,,,,,,,,,,,,,,,,,,,,,,,,,,,,,,,,,,,,,,,
,,,,,,,,,,Utility PV - Class 4,Moderate,$0,$0,$0,$0,$0,$0,$0,$0,$0,$0,$0,$0,$0,$0,$0,$0,$0,$0,$0,$0,$0,$0,$0,$0,$0,$0,$0,$0,$0,,,,,,,,,,,,,,,,,,,,,,,,,,,,,,,,,,,,,,,,,,,,,,,,,,,,,,,,,,,,,,,,,,,
,,,,,,,,,,Utility PV - Class 4,Conservative,$0,$0,$0,$0,$0,$0,$0,$0,$0,$0,$0,$0,$0,$0,$0,$0,$0,$0,$0,$0,$0,$0,$0,$0,$0,$0,$0,$0,$0,,,,,,,,,,,,,,,,,,,,,,,,,,,,,,,,,,,,,,,,,,,,,,,,,,,,,,,,,,,,,,,,,,,
,,,,,,,,,,Utility PV - Class 5,Advanced,$0,$0,$0,$0,$0,$0,$0,$0,$0,$0,$0,$0,$0,$0,$0,$0,$0,$0,$0,$0,$0,$0,$0,$0,$0,$0,$0,$0,$0,,,,,,,,,,,,,,,,,,,,,,,,,,,,,,,,,,,,,,,,,,,,,,,,,,,,,,,,,,,,,,,,,,,
,,,,,,,,,,Utility PV - Class 5,Moderate,$0,$0,$0,$0,$0,$0,$0,$0,$0,$0,$0,$0,$0,$0,$0,$0,$0,$0,$0,$0,$0,$0,$0,$0,$0,$0,$0,$0,$0,,,,,,,,,,,,,,,,,,,,,,,,,,,,,,,,,,,,,,,,,,,,,,,,,,,,,,,,,,,,,,,,,,,
,,,,,,,,,,Utility PV - Class 5,Conservative,$0,$0,$0,$0,$0,$0,$0,$0,$0,$0,$0,$0,$0,$0,$0,$0,$0,$0,$0,$0,$0,$0,$0,$0,$0,$0,$0,$0,$0,,,,,,,,,,,,,,,,,,,,,,,,,,,,,,,,,,,,,,,,,,,,,,,,,,,,,,,,,,,,,,,,,,,
,,,,,,,,,,Utility PV - Class 6,Advanced,$0,$0,$0,$0,$0,$0,$0,$0,$0,$0,$0,$0,$0,$0,$0,$0,$0,$0,$0,$0,$0,$0,$0,$0,$0,$0,$0,$0,$0,,,,,,,,,,,,,,,,,,,,,,,,,,,,,,,,,,,,,,,,,,,,,,,,,,,,,,,,,,,,,,,,,,,
,,,,,,,,,,Utility PV - Class 6,Moderate,$0,$0,$0,$0,$0,$0,$0,$0,$0,$0,$0,$0,$0,$0,$0,$0,$0,$0,$0,$0,$0,$0,$0,$0,$0,$0,$0,$0,$0,,,,,,,,,,,,,,,,,,,,,,,,,,,,,,,,,,,,,,,,,,,,,,,,,,,,,,,,,,,,,,,,,,,
,,,,,,,,,,Utility PV - Class 6,Conservative,$0,$0,$0,$0,$0,$0,$0,$0,$0,$0,$0,$0,$0,$0,$0,$0,$0,$0,$0,$0,$0,$0,$0,$0,$0,$0,$0,$0,$0,,,,,,,,,,,,,,,,,,,,,,,,,,,,,,,,,,,,,,,,,,,,,,,,,,,,,,,,,,,,,,,,,,,
,,,,,,,,,,Utility PV - Class 7,Advanced,$0,$0,$0,$0,$0,$0,$0,$0,$0,$0,$0,$0,$0,$0,$0,$0,$0,$0,$0,$0,$0,$0,$0,$0,$0,$0,$0,$0,$0,,,,,,,,,,,,,,,,,,,,,,,,,,,,,,,,,,,,,,,,,,,,,,,,,,,,,,,,,,,,,,,,,,,
,,,,,,,,,,Utility PV - Class 7,Moderate,$0,$0,$0,$0,$0,$0,$0,$0,$0,$0,$0,$0,$0,$0,$0,$0,$0,$0,$0,$0,$0,$0,$0,$0,$0,$0,$0,$0,$0,,,,,,,,,,,,,,,,,,,,,,,,,,,,,,,,,,,,,,,,,,,,,,,,,,,,,,,,,,,,,,,,,,,
,,,,,,,,,,Utility PV - Class 7,Conservative,$0,$0,$0,$0,$0,$0,$0,$0,$0,$0,$0,$0,$0,$0,$0,$0,$0,$0,$0,$0,$0,$0,$0,$0,$0,$0,$0,$0,$0,,,,,,,,,,,,,,,,,,,,,,,,,,,,,,,,,,,,,,,,,,,,,,,,,,,,,,,,,,,,,,,,,,,
,,,,,,,,,,Utility PV - Class 8,Advanced,$0,$0,$0,$0,$0,$0,$0,$0,$0,$0,$0,$0,$0,$0,$0,$0,$0,$0,$0,$0,$0,$0,$0,$0,$0,$0,$0,$0,$0,,,,,,,,,,,,,,,,,,,,,,,,,,,,,,,,,,,,,,,,,,,,,,,,,,,,,,,,,,,,,,,,,,,
,,,,,,,,,,Utility PV - Class 8,Moderate,$0,$0,$0,$0,$0,$0,$0,$0,$0,$0,$0,$0,$0,$0,$0,$0,$0,$0,$0,$0,$0,$0,$0,$0,$0,$0,$0,$0,$0,,,,,,,,,,,,,,,,,,,,,,,,,,,,,,,,,,,,,,,,,,,,,,,,,,,,,,,,,,,,,,,,,,,
,,,,,,,,,,Utility PV - Class 8,Conservative,$0,$0,$0,$0,$0,$0,$0,$0,$0,$0,$0,$0,$0,$0,$0,$0,$0,$0,$0,$0,$0,$0,$0,$0,$0,$0,$0,$0,$0,,,,,,,,,,,,,,,,,,,,,,,,,,,,,,,,,,,,,,,,,,,,,,,,,,,,,,,,,,,,,,,,,,,
,,,,,,,,,,Utility PV - Class 9,Advanced,$0,$0,$0,$0,$0,$0,$0,$0,$0,$0,$0,$0,$0,$0,$0,$0,$0,$0,$0,$0,$0,$0,$0,$0,$0,$0,$0,$0,$0,,,,,,,,,,,,,,,,,,,,,,,,,,,,,,,,,,,,,,,,,,,,,,,,,,,,,,,,,,,,,,,,,,,
,,,,,,,,,,Utility PV - Class 9,Moderate,$0,$0,$0,$0,$0,$0,$0,$0,$0,$0,$0,$0,$0,$0,$0,$0,$0,$0,$0,$0,$0,$0,$0,$0,$0,$0,$0,$0,$0,,,,,,,,,,,,,,,,,,,,,,,,,,,,,,,,,,,,,,,,,,,,,,,,,,,,,,,,,,,,,,,,,,,
,,,,,,,,,,Utility PV - Class 9,Conservative,$0,$0,$0,$0,$0,$0,$0,$0,$0,$0,$0,$0,$0,$0,$0,$0,$0,$0,$0,$0,$0,$0,$0,$0,$0,$0,$0,$0,$0,,,,,,,,,,,,,,,,,,,,,,,,,,,,,,,,,,,,,,,,,,,,,,,,,,,,,,,,,,,,,,,,,,,
,,,,,,,,,,Utility PV - Class 10,Advanced,$0,$0,$0,$0,$0,$0,$0,$0,$0,$0,$0,$0,$0,$0,$0,$0,$0,$0,$0,$0,$0,$0,$0,$0,$0,$0,$0,$0,$0,,,,,,,,,,,,,,,,,,,,,,,,,,,,,,,,,,,,,,,,,,,,,,,,,,,,,,,,,,,,,,,,,,,
,,,,,,,,,,Utility PV - Class 10,Moderate,$0,$0,$0,$0,$0,$0,$0,$0,$0,$0,$0,$0,$0,$0,$0,$0,$0,$0,$0,$0,$0,$0,$0,$0,$0,$0,$0,$0,$0,,,,,,,,,,,,,,,,,,,,,,,,,,,,,,,,,,,,,,,,,,,,,,,,,,,,,,,,,,,,,,,,,,,
,,,,,,,,,,Utility PV - Class 10,Conservative,$0,$0,$0,$0,$0,$0,$0,$0,$0,$0,$0,$0,$0,$0,$0,$0,$0,$0,$0,$0,$0,$0,$0,$0,$0,$0,$0,$0,$0,,,,,,,,,,,,,,,,,,,,,,,,,,,,,,,,,,,,,,,,,,,,,,,,,,,,,,,,,,,,,,,,,,,
,,,,,,,,,,,,,,,,,,,,,,,,,,,,,,,,,,,,,,,,,,,,,,,,,,,,,,,,,,,,,,,,,,,,,,,,,,,,,,,,,,,,,,,,,,,,,,,,,,,,,,,,,,,
,,,,,,,,,,,,,,,,,,,,,,,,,,,,,,,,,,,,,,,,,,,,,,,,,,,,,,,,,,,,,,,,,,,,,,,,,,,,,,,,,,,,,,,,,,,,,,,,,,,,,,,,,,,
,,,,,,,,,,,,,,,,,,,,,,,,,,,,,,,,,,,,,,,,,,,,,,,,,,,,,,,,,,,,,,,,,,,,,,,,,,,,,,,,,,,,,,,,,,,,,,,,,,,,,,,,,,,
,,,,,,,,,,,,,,,,,,,,,,,,,,,,,,,,,,,,,,,,,,,,,,,,,,,,,,,,,,,,,,,,,,,,,,,,,,,,,,,,,,,,,,,,,,,,,,,,,,,,,,,,,,,
,,,,,,,,,,,,2022,2023,2024,2025,2026,2027,2028,2029,2030,2031,2032,2033,2034,2035,2036,2037,2038,2039,2040,2041,2042,2043,2044,2045,2046,2047,2048,2049,2050,,,,,,,,,,,,,,,,,,,,,,,,,,,,,,,,,,,,,,,,,,,,,,,,,,,,,,,,,,,,,,,,,,,
,,,,,,,Grid Connection Costs,,Grid Connection Costs (GCC) ($/kW),Utility PV - Class 1,Advanced,$65,$120,$115,$109,$103,$97,$91,$85,$79,$73,$68,$62,$56,$50,$50,$50,$50,$50,$50,$50,$50,$50,$50,$50,$50,$50,$50,$50,$50,,,,,,,,,,,,,,,,,,,,,,,,,,,,,,,,,,,,,,,,,,,,,,,,,,,,,,,,,,,,,,,,,,,
,,,,,,,,,,Utility PV - Class 1,Moderate,$65,$120,$119,$117,$115,$114,$112,$110,$108,$107,$105,$103,$102,$100,$100,$100,$100,$100,$100,$100,$100,$100,$100,$100,$100,$100,$100,$100,$100,,,,,,,,,,,,,,,,,,,,,,,,,,,,,,,,,,,,,,,,,,,,,,,,,,,,,,,,,,,,,,,,,,,
,,,,,,,,,,Utility PV - Class 1,Conservative,$65,$120,$123,$125,$128,$130,$133,$135,$138,$140,$143,$145,$148,$150,$150,$150,$150,$150,$150,$150,$150,$150,$150,$150,$150,$150,$150,$150,$150,,,,,,,,,,,,,,,,,,,,,,,,,,,,,,,,,,,,,,,,,,,,,,,,,,,,,,,,,,,,,,,,,,,
,,,,,,,,,,Utility PV - Class 2,Advanced,$65,$120,$115,$109,$103,$97,$91,$85,$79,$73,$68,$62,$56,$50,$50,$50,$50,$50,$50,$50,$50,$50,$50,$50,$50,$50,$50,$50,$50,,,,,,,,,,,,,,,,,,,,,,,,,,,,,,,,,,,,,,,,,,,,,,,,,,,,,,,,,,,,,,,,,,,
,,,,,,,,,,Utility PV - Class 2,Moderate,$65,$120,$119,$117,$115,$114,$112,$110,$108,$107,$105,$103,$102,$100,$100,$100,$100,$100,$100,$100,$100,$100,$100,$100,$100,$100,$100,$100,$100,,,,,,,,,,,,,,,,,,,,,,,,,,,,,,,,,,,,,,,,,,,,,,,,,,,,,,,,,,,,,,,,,,,
,,,,,,,,,,Utility PV - Class 2,Conservative,$65,$120,$123,$125,$128,$130,$133,$135,$138,$140,$143,$145,$148,$150,$150,$150,$150,$150,$150,$150,$150,$150,$150,$150,$150,$150,$150,$150,$150,,,,,,,,,,,,,,,,,,,,,,,,,,,,,,,,,,,,,,,,,,,,,,,,,,,,,,,,,,,,,,,,,,,
,,,,,,,,,,Utility PV - Class 3,Advanced,$65,$120,$115,$109,$103,$97,$91,$85,$79,$73,$68,$62,$56,$50,$50,$50,$50,$50,$50,$50,$50,$50,$50,$50,$50,$50,$50,$50,$50,,,,,,,,,,,,,,,,,,,,,,,,,,,,,,,,,,,,,,,,,,,,,,,,,,,,,,,,,,,,,,,,,,,
,,,,,,,,,,Utility PV - Class 3,Moderate,$65,$120,$119,$117,$115,$114,$112,$110,$108,$107,$105,$103,$102,$100,$100,$100,$100,$100,$100,$100,$100,$100,$100,$100,$100,$100,$100,$100,$100,,,,,,,,,,,,,,,,,,,,,,,,,,,,,,,,,,,,,,,,,,,,,,,,,,,,,,,,,,,,,,,,,,,
,,,,,,,,,,Utility PV - Class 3,Conservative,$65,$120,$123,$125,$128,$130,$133,$135,$138,$140,$143,$145,$148,$150,$150,$150,$150,$150,$150,$150,$150,$150,$150,$150,$150,$150,$150,$150,$150,,,,,,,,,,,,,,,,,,,,,,,,,,,,,,,,,,,,,,,,,,,,,,,,,,,,,,,,,,,,,,,,,,,
,,,,,,,,,,Utility PV - Class 4,Advanced,$65,$120,$115,$109,$103,$97,$91,$85,$79,$73,$68,$62,$56,$50,$50,$50,$50,$50,$50,$50,$50,$50,$50,$50,$50,$50,$50,$50,$50,,,,,,,,,,,,,,,,,,,,,,,,,,,,,,,,,,,,,,,,,,,,,,,,,,,,,,,,,,,,,,,,,,,
,,,,,,,,,,Utility PV - Class 4,Moderate,$65,$120,$119,$117,$115,$114,$112,$110,$108,$107,$105,$103,$102,$100,$100,$100,$100,$100,$100,$100,$100,$100,$100,$100,$100,$100,$100,$100,$100,,,,,,,,,,,,,,,,,,,,,,,,,,,,,,,,,,,,,,,,,,,,,,,,,,,,,,,,,,,,,,,,,,,
,,,,,,,,,,Utility PV - Class 4,Conservative,$65,$120,$123,$125,$128,$130,$133,$135,$138,$140,$143,$145,$148,$150,$150,$150,$150,$150,$150,$150,$150,$150,$150,$150,$150,$150,$150,$150,$150,,,,,,,,,,,,,,,,,,,,,,,,,,,,,,,,,,,,,,,,,,,,,,,,,,,,,,,,,,,,,,,,,,,
,,,,,,,,,,Utility PV - Class 5,Advanced,$65,$120,$115,$109,$103,$97,$91,$85,$79,$73,$68,$62,$56,$50,$50,$50,$50,$50,$50,$50,$50,$50,$50,$50,$50,$50,$50,$50,$50,,,,,,,,,,,,,,,,,,,,,,,,,,,,,,,,,,,,,,,,,,,,,,,,,,,,,,,,,,,,,,,,,,,
,,,,,,,,,,Utility PV - Class 5,Moderate,$65,$120,$119,$117,$115,$114,$112,$110,$108,$107,$105,$103,$102,$100,$100,$100,$100,$100,$100,$100,$100,$100,$100,$100,$100,$100,$100,$100,$100,,,,,,,,,,,,,,,,,,,,,,,,,,,,,,,,,,,,,,,,,,,,,,,,,,,,,,,,,,,,,,,,,,,
,,,,,,,,,,Utility PV - Class 5,Conservative,$65,$120,$123,$125,$128,$130,$133,$135,$138,$140,$143,$145,$148,$150,$150,$150,$150,$150,$150,$150,$150,$150,$150,$150,$150,$150,$150,$150,$150,,,,,,,,,,,,,,,,,,,,,,,,,,,,,,,,,,,,,,,,,,,,,,,,,,,,,,,,,,,,,,,,,,,
,,,,,,,,,,Utility PV - Class 6,Advanced,$65,$120,$115,$109,$103,$97,$91,$85,$79,$73,$68,$62,$56,$50,$50,$50,$50,$50,$50,$50,$50,$50,$50,$50,$50,$50,$50,$50,$50,,,,,,,,,,,,,,,,,,,,,,,,,,,,,,,,,,,,,,,,,,,,,,,,,,,,,,,,,,,,,,,,,,,
,,,,,,,,,,Utility PV - Class 6,Moderate,$65,$120,$119,$117,$115,$114,$112,$110,$108,$107,$105,$103,$102,$100,$100,$100,$100,$100,$100,$100,$100,$100,$100,$100,$100,$100,$100,$100,$100,,,,,,,,,,,,,,,,,,,,,,,,,,,,,,,,,,,,,,,,,,,,,,,,,,,,,,,,,,,,,,,,,,,
,,,,,,,,,,Utility PV - Class 6,Conservative,$65,$120,$123,$125,$128,$130,$133,$135,$138,$140,$143,$145,$148,$150,$150,$150,$150,$150,$150,$150,$150,$150,$150,$150,$150,$150,$150,$150,$150,,,,,,,,,,,,,,,,,,,,,,,,,,,,,,,,,,,,,,,,,,,,,,,,,,,,,,,,,,,,,,,,,,,
,,,,,,,,,,Utility PV - Class 7,Advanced,$65,$120,$115,$109,$103,$97,$91,$85,$79,$73,$68,$62,$56,$50,$50,$50,$50,$50,$50,$50,$50,$50,$50,$50,$50,$50,$50,$50,$50,,,,,,,,,,,,,,,,,,,,,,,,,,,,,,,,,,,,,,,,,,,,,,,,,,,,,,,,,,,,,,,,,,,
,,,,,,,,,,Utility PV - Class 7,Moderate,$65,$120,$119,$117,$115,$114,$112,$110,$108,$107,$105,$103,$102,$100,$100,$100,$100,$100,$100,$100,$100,$100,$100,$100,$100,$100,$100,$100,$100,,,,,,,,,,,,,,,,,,,,,,,,,,,,,,,,,,,,,,,,,,,,,,,,,,,,,,,,,,,,,,,,,,,
,,,,,,,,,,Utility PV - Class 7,Conservative,$65,$120,$123,$125,$128,$130,$133,$135,$138,$140,$143,$145,$148,$150,$150,$150,$150,$150,$150,$150,$150,$150,$150,$150,$150,$150,$150,$150,$150,,,,,,,,,,,,,,,,,,,,,,,,,,,,,,,,,,,,,,,,,,,,,,,,,,,,,,,,,,,,,,,,,,,
,,,,,,,,,,Utility PV - Class 8,Advanced,$65,$120,$115,$109,$103,$97,$91,$85,$79,$73,$68,$62,$56,$50,$50,$50,$50,$50,$50,$50,$50,$50,$50,$50,$50,$50,$50,$50,$50,,,,,,,,,,,,,,,,,,,,,,,,,,,,,,,,,,,,,,,,,,,,,,,,,,,,,,,,,,,,,,,,,,,
,,,,,,,,,,Utility PV - Class 8,Moderate,$65,$120,$119,$117,$115,$114,$112,$110,$108,$107,$105,$103,$102,$100,$100,$100,$100,$100,$100,$100,$100,$100,$100,$100,$100,$100,$100,$100,$100,,,,,,,,,,,,,,,,,,,,,,,,,,,,,,,,,,,,,,,,,,,,,,,,,,,,,,,,,,,,,,,,,,,
,,,,,,,,,,Utility PV - Class 8,Conservative,$65,$120,$123,$125,$128,$130,$133,$135,$138,$140,$143,$145,$148,$150,$150,$150,$150,$150,$150,$150,$150,$150,$150,$150,$150,$150,$150,$150,$150,,,,,,,,,,,,,,,,,,,,,,,,,,,,,,,,,,,,,,,,,,,,,,,,,,,,,,,,,,,,,,,,,,,
,,,,,,,,,,Utility PV - Class 9,Advanced,$65,$120,$115,$109,$103,$97,$91,$85,$79,$73,$68,$62,$56,$50,$50,$50,$50,$50,$50,$50,$50,$50,$50,$50,$50,$50,$50,$50,$50,,,,,,,,,,,,,,,,,,,,,,,,,,,,,,,,,,,,,,,,,,,,,,,,,,,,,,,,,,,,,,,,,,,
,,,,,,,,,,Utility PV - Class 9,Moderate,$65,$120,$119,$117,$115,$114,$112,$110,$108,$107,$105,$103,$102,$100,$100,$100,$100,$100,$100,$100,$100,$100,$100,$100,$100,$100,$100,$100,$100,,,,,,,,,,,,,,,,,,,,,,,,,,,,,,,,,,,,,,,,,,,,,,,,,,,,,,,,,,,,,,,,,,,
,,,,,,,,,,Utility PV - Class 9,Conservative,$65,$120,$123,$125,$128,$130,$133,$135,$138,$140,$143,$145,$148,$150,$150,$150,$150,$150,$150,$150,$150,$150,$150,$150,$150,$150,$150,$150,$150,,,,,,,,,,,,,,,,,,,,,,,,,,,,,,,,,,,,,,,,,,,,,,,,,,,,,,,,,,,,,,,,,,,
,,,,,,,,,,Utility PV - Class 10,Advanced,$65,$120,$115,$109,$103,$97,$91,$85,$79,$73,$68,$62,$56,$50,$50,$50,$50,$50,$50,$50,$50,$50,$50,$50,$50,$50,$50,$50,$50,,,,,,,,,,,,,,,,,,,,,,,,,,,,,,,,,,,,,,,,,,,,,,,,,,,,,,,,,,,,,,,,,,,
,,,,,,,,,,Utility PV - Class 10,Moderate,$65,$120,$119,$117,$115,$114,$112,$110,$108,$107,$105,$103,$102,$100,$100,$100,$100,$100,$100,$100,$100,$100,$100,$100,$100,$100,$100,$100,$100,,,,,,,,,,,,,,,,,,,,,,,,,,,,,,,,,,,,,,,,,,,,,,,,,,,,,,,,,,,,,,,,,,,
,,,,,,,,,,Utility PV - Class 10,Conservative,$65,$120,$123,$125,$128,$130,$133,$135,$138,$140,$143,$145,$148,$150,$150,$150,$150,$150,$150,$150,$150,$150,$150,$150,$150,$150,$150,$150,$150,,,,,,,,,,,,,,,,,,,,,,,,,,,,,,,,,,,,,,,,,,,,,,,,,,,,,,,,,,,,,,,,,,,
,,,,,,,,,,,,,,,,,,,,,,,,,,,,,,,,,,,,,,,,,,,,,,,,,,,,,,,,,,,,,,,,,,,,,,,,,,,,,,,,,,,,,,,,,,,,,,,,,,,,,,,,,,,
,,,,,,,,,,,,,,,,,,,,,,,,,,,,,,,,,,,,,,,,,,,,,,,,,,,,,,,,,,,,,,,,,,,,,,,,,,,,,,,,,,,,,,,,,,,,,,,,,,,,,,,,,,,
,,,,,,,,,,,,2022,2023,2024,2025,2026,2027,2028,2029,2030,2031,2032,2033,2034,2035,2036,2037,2038,2039,2040,2041,2042,2043,2044,2045,2046,2047,2048,2049,2050,,,,,,,,,,,,,,,,,,,,,,,,,,,,,,,,,,,,,,,,,,,,,,,,,,,,,,,,,,,,,,,,,,,
,,,,,,,LCOE,,Levelized Cost of Energy ($/MWh),Utility PV - Class 1,Advanced,$39,$41,$38,$36,$34,$32,$30,$28,$26,$24,$22,$20,$18,$16,$16,$16,$16,$16,$15,$15,$15,$15,$14,$14,$14,$14,$14,$13,$13,,,,,,,,,,,,,,,,,,,,,,,,,,,,,,,,,,,,,,,,,,,,,,,,,,,,,,,,,,,,,,,,,,,
,,,,,,,,,,Utility PV - Class 1,Moderate,$39,$41,$39,$38,$36,$34,$33,$31,$30,$28,$27,$25,$24,$22,$22,$21,$21,$21,$20,$20,$19,$19,$19,$18,$18,$18,$17,$17,$16,,,,,,,,,,,,,,,,,,,,,,,,,,,,,,,,,,,,,,,,,,,,,,,,,,,,,,,,,,,,,,,,,,,
,,,,,,,,,,Utility PV - Class 1,Conservative,$39,$41,$40,$40,$39,$38,$37,$36,$35,$35,$34,$33,$32,$31,$30,$30,$29,$29,$28,$27,$27,$26,$26,$25,$24,$24,$23,$23,$22,,,,,,,,,,,,,,,,,,,,,,,,,,,,,,,,,,,,,,,,,,,,,,,,,,,,,,,,,,,,,,,,,,,
,,,,,,,,,,Utility PV - Class 2,Advanced,$40,$42,$40,$37,$35,$33,$31,$29,$27,$25,$23,$21,$19,$17,$17,$17,$16,$16,$16,$16,$15,$15,$15,$15,$14,$14,$14,$14,$14,,,,,,,,,,,,,,,,,,,,,,,,,,,,,,,,,,,,,,,,,,,,,,,,,,,,,,,,,,,,,,,,,,,
,,,,,,,,,,Utility PV - Class 2,Moderate,$40,$42,$41,$39,$37,$36,$34,$32,$31,$29,$28,$26,$24,$23,$23,$22,$22,$21,$21,$21,$20,$20,$19,$19,$19,$18,$18,$17,$17,,,,,,,,,,,,,,,,,,,,,,,,,,,,,,,,,,,,,,,,,,,,,,,,,,,,,,,,,,,,,,,,,,,
,,,,,,,,,,Utility PV - Class 2,Conservative,$41,$43,$42,$41,$40,$39,$38,$37,$37,$36,$35,$34,$33,$32,$31,$31,$30,$30,$29,$28,$28,$27,$26,$26,$25,$25,$24,$24,$23,,,,,,,,,,,,,,,,,,,,,,,,,,,,,,,,,,,,,,,,,,,,,,,,,,,,,,,,,,,,,,,,,,,
,,,,,,,,,,Utility PV - Class 3,Advanced,$42,$44,$42,$39,$37,$35,$32,$30,$28,$26,$24,$22,$20,$18,$18,$17,$17,$17,$17,$16,$16,$16,$16,$15,$15,$15,$15,$14,$14,,,,,,,,,,,,,,,,,,,,,,,,,,,,,,,,,,,,,,,,,,,,,,,,,,,,,,,,,,,,,,,,,,,
,,,,,,,,,,Utility PV - Class 3,Moderate,$42,$44,$43,$41,$39,$37,$36,$34,$32,$30,$29,$27,$26,$24,$24,$23,$23,$22,$22,$21,$21,$21,$20,$20,$19,$19,$19,$18,$18,,,,,,,,,,,,,,,,,,,,,,,,,,,,,,,,,,,,,,,,,,,,,,,,,,,,,,,,,,,,,,,,,,,
,,,,,,,,,,Utility PV - Class 3,Conservative,$43,$45,$44,$43,$42,$41,$40,$39,$38,$37,$37,$36,$35,$34,$33,$32,$32,$31,$30,$30,$29,$28,$28,$27,$26,$26,$25,$25,$24,,,,,,,,,,,,,,,,,,,,,,,,,,,,,,,,,,,,,,,,,,,,,,,,,,,,,,,,,,,,,,,,,,,
,,,,,,,,,,Utility PV - Class 4,Advanced,$44,$46,$44,$41,$39,$36,$34,$32,$29,$27,$25,$23,$21,$19,$18,$18,$18,$18,$17,$17,$17,$17,$16,$16,$16,$16,$15,$15,$15,,,,,,,,,,,,,,,,,,,,,,,,,,,,,,,,,,,,,,,,,,,,,,,,,,,,,,,,,,,,,,,,,,,
,,,,,,,,,,Utility PV - Class 4,Moderate,$44,$47,$45,$43,$41,$39,$37,$35,$34,$32,$30,$29,$27,$25,$25,$24,$24,$23,$23,$22,$22,$22,$21,$21,$20,$20,$19,$19,$19,,,,,,,,,,,,,,,,,,,,,,,,,,,,,,,,,,,,,,,,,,,,,,,,,,,,,,,,,,,,,,,,,,,
,,,,,,,,,,Utility PV - Class 4,Conservative,$45,$47,$46,$45,$44,$43,$42,$41,$40,$39,$38,$37,$36,$35,$35,$34,$33,$33,$32,$31,$30,$30,$29,$28,$28,$27,$26,$26,$25,,,,,,,,,,,,,,,,,,,,,,,,,,,,,,,,,,,,,,,,,,,,,,,,,,,,,,,,,,,,,,,,,,,
,,,,,,,,,,Utility PV - Class 5,Advanced,$47,$49,$46,$43,$41,$38,$36,$33,$31,$28,$26,$24,$22,$20,$19,$19,$19,$18,$18,$18,$18,$17,$17,$17,$17,$16,$16,$16,$16,,,,,,,,,,,,,,,,,,,,,,,,,,,,,,,,,,,,,,,,,,,,,,,,,,,,,,,,,,,,,,,,,,,
,,,,,,,,,,Utility PV - Class 5,Moderate,$47,$49,$47,$45,$43,$41,$39,$37,$35,$34,$32,$30,$28,$26,$26,$25,$25,$24,$24,$24,$23,$23,$22,$22,$21,$21,$20,$20,$20,,,,,,,,,,,,,,,,,,,,,,,,,,,,,,,,,,,,,,,,,,,,,,,,,,,,,,,,,,,,,,,,,,,
,,,,,,,,,,Utility PV - Class 5,Conservative,$47,$50,$49,$48,$47,$46,$45,$43,$42,$41,$40,$39,$38,$37,$37,$36,$35,$34,$33,$33,$32,$31,$31,$30,$29,$28,$28,$27,$26,,,,,,,,,,,,,,,,,,,,,,,,,,,,,,,,,,,,,,,,,,,,,,,,,,,,,,,,,,,,,,,,,,,
,,,,,,,,,,Utility PV - Class 6,Advanced,$49,$51,$48,$46,$43,$40,$37,$35,$32,$30,$27,$25,$23,$21,$20,$20,$20,$19,$19,$19,$19,$18,$18,$18,$18,$17,$17,$17,$17,,,,,,,,,,,,,,,,,,,,,,,,,,,,,,,,,,,,,,,,,,,,,,,,,,,,,,,,,,,,,,,,,,,
,,,,,,,,,,Utility PV - Class 6,Moderate,$49,$52,$50,$47,$45,$43,$41,$39,$37,$35,$33,$32,$30,$28,$27,$27,$26,$26,$25,$25,$24,$24,$23,$23,$22,$22,$21,$21,$21,,,,,,,,,,,,,,,,,,,,,,,,,,,,,,,,,,,,,,,,,,,,,,,,,,,,,,,,,,,,,,,,,,,
,,,,,,,,,,Utility PV - Class 6,Conservative,$50,$52,$51,$50,$49,$48,$47,$46,$45,$44,$43,$42,$40,$39,$39,$38,$37,$36,$35,$35,$34,$33,$32,$31,$31,$30,$29,$29,$28,,,,,,,,,,,,,,,,,,,,,,,,,,,,,,,,,,,,,,,,,,,,,,,,,,,,,,,,,,,,,,,,,,,
,,,,,,,,,,Utility PV - Class 7,Advanced,$52,$54,$51,$48,$45,$42,$39,$37,$34,$31,$29,$26,$24,$22,$21,$21,$21,$20,$20,$20,$20,$19,$19,$19,$19,$18,$18,$18,$18,,,,,,,,,,,,,,,,,,,,,,,,,,,,,,,,,,,,,,,,,,,,,,,,,,,,,,,,,,,,,,,,,,,
,,,,,,,,,,Utility PV - Class 7,Moderate,$52,$54,$52,$50,$48,$46,$43,$41,$39,$37,$35,$33,$31,$29,$29,$28,$28,$27,$27,$26,$26,$25,$25,$24,$24,$23,$23,$22,$22,,,,,,,,,,,,,,,,,,,,,,,,,,,,,,,,,,,,,,,,,,,,,,,,,,,,,,,,,,,,,,,,,,,
,,,,,,,,,,Utility PV - Class 7,Conservative,$52,$55,$54,$53,$52,$51,$49,$48,$47,$46,$45,$44,$43,$42,$41,$40,$39,$38,$37,$36,$36,$35,$34,$33,$32,$32,$31,$30,$29,,,,,,,,,,,,,,,,,,,,,,,,,,,,,,,,,,,,,,,,,,,,,,,,,,,,,,,,,,,,,,,,,,,
,,,,,,,,,,Utility PV - Class 8,Advanced,$54,$56,$53,$50,$47,$44,$41,$38,$35,$33,$30,$27,$25,$22,$22,$22,$22,$21,$21,$21,$20,$20,$20,$20,$19,$19,$19,$19,$18,,,,,,,,,,,,,,,,,,,,,,,,,,,,,,,,,,,,,,,,,,,,,,,,,,,,,,,,,,,,,,,,,,,
,,,,,,,,,,Utility PV - Class 8,Moderate,$54,$57,$54,$52,$50,$47,$45,$43,$41,$39,$37,$35,$32,$30,$30,$29,$29,$28,$28,$27,$27,$26,$25,$25,$24,$24,$23,$23,$22,,,,,,,,,,,,,,,,,,,,,,,,,,,,,,,,,,,,,,,,,,,,,,,,,,,,,,,,,,,,,,,,,,,
,,,,,,,,,,Utility PV - Class 8,Conservative,$55,$57,$56,$55,$54,$53,$51,$50,$49,$48,$47,$46,$44,$43,$42,$41,$40,$40,$39,$38,$37,$36,$35,$34,$34,$33,$32,$31,$30,,,,,,,,,,,,,,,,,,,,,,,,,,,,,,,,,,,,,,,,,,,,,,,,,,,,,,,,,,,,,,,,,,,
,,,,,,,,,,Utility PV - Class 9,Advanced,$57,$59,$56,$52,$49,$46,$43,$40,$37,$34,$32,$29,$26,$24,$23,$23,$23,$22,$22,$22,$21,$21,$21,$21,$20,$20,$20,$19,$19,,,,,,,,,,,,,,,,,,,,,,,,,,,,,,,,,,,,,,,,,,,,,,,,,,,,,,,,,,,,,,,,,,,
,,,,,,,,,,Utility PV - Class 9,Moderate,$57,$60,$57,$55,$52,$50,$47,$45,$43,$41,$38,$36,$34,$32,$31,$31,$30,$30,$29,$28,$28,$27,$27,$26,$26,$25,$25,$24,$24,,,,,,,,,,,,,,,,,,,,,,,,,,,,,,,,,,,,,,,,,,,,,,,,,,,,,,,,,,,,,,,,,,,
,,,,,,,,,,Utility PV - Class 9,Conservative,$57,$60,$59,$58,$57,$55,$54,$53,$52,$50,$49,$48,$47,$45,$44,$43,$42,$42,$41,$40,$39,$38,$37,$36,$35,$34,$34,$33,$32,,,,,,,,,,,,,,,,,,,,,,,,,,,,,,,,,,,,,,,,,,,,,,,,,,,,,,,,,,,,,,,,,,,
,,,,,,,,,,Utility PV - Class 10,Advanced,$62,$64,$61,$57,$54,$50,$47,$44,$40,$37,$34,$31,$28,$26,$25,$25,$25,$24,$24,$24,$23,$23,$23,$22,$22,$22,$21,$21,$21,,,,,,,,,,,,,,,,,,,,,,,,,,,,,,,,,,,,,,,,,,,,,,,,,,,,,,,,,,,,,,,,,,,
,,,,,,,,,,Utility PV - Class 10,Moderate,$62,$65,$62,$60,$57,$54,$52,$49,$47,$44,$42,$39,$37,$35,$34,$33,$33,$32,$32,$31,$30,$30,$29,$28,$28,$27,$27,$26,$26,,,,,,,,,,,,,,,,,,,,,,,,,,,,,,,,,,,,,,,,,,,,,,,,,,,,,,,,,,,,,,,,,,,
,,,,,,,,,,Utility PV - Class 10,Conservative,$62,$66,$64,$63,$62,$60,$59,$58,$56,$55,$54,$52,$51,$49,$48,$47,$46,$45,$44,$43,$42,$41,$40,$39,$38,$37,$37,$36,$35,,,,,,,,,,,,,,,,,,,,,,,,,,,,,,,,,,,,,,,,,,,,,,,,,,,,,,,,,,,,,,,,,,,
,,,,,,,,,,,,,,,,,,,,,,,,,,,,,,,,,,,,,,,,,,,,,,,,,,,,,,,,,,,,,,,,,,,,,,,,,,,,,,,,,,,,,,,,,,,,,,,,,,,,,,,,,,,
,,,,,,,,,,,,2022,2023,2024,2025,2026,2027,2028,2029,2030,2031,2032,2033,2034,2035,2036,2037,2038,2039,2040,2041,2042,2043,2044,2045,2046,2047,2048,2049,2050,,,,,,,,,,,,,,,,,,,,,,,,,,,,,,,,,,,,,,,,,,,,,,,,,,,,,,,,,,,,,,,,,,,
,,,,,,,Additional Factors,,Tax Credit,10 year CRF,Advanced,11.98%,11.98%,11.98%,11.98%,11.98%,11.98%,11.98%,11.98%,11.98%,11.98%,11.98%,11.98%,11.98%,11.98%,11.98%,11.98%,11.98%,11.98%,11.98%,11.98%,11.98%,11.98%,11.98%,11.98%,11.98%,11.98%,11.98%,11.98%,11.98%,,,,,,,,,,,,,,,,,,,,,,,,,,,,,,,,,,,,,,,,,,,,,,,,,,,,,,,,,,,,,,,,,,,
,,,,,,,,,,10 year CRF,Moderate,11.98%,11.98%,11.98%,11.98%,11.98%,11.98%,11.98%,11.98%,11.98%,11.98%,11.98%,11.98%,11.98%,11.98%,11.98%,11.98%,11.98%,11.98%,11.98%,11.98%,11.98%,11.98%,11.98%,11.98%,11.98%,11.98%,11.98%,11.98%,11.98%,,,,,,,,,,,,,,,,,,,,,,,,,,,,,,,,,,,,,,,,,,,,,,,,,,,,,,,,,,,,,,,,,,,
,,,,,,,,,,10 year CRF,Conservative,11.98%,11.98%,11.98%,11.98%,11.98%,11.98%,11.98%,11.98%,11.98%,11.98%,11.98%,11.98%,11.98%,11.98%,11.98%,11.98%,11.98%,11.98%,11.98%,11.98%,11.98%,11.98%,11.98%,11.98%,11.98%,11.98%,11.98%,11.98%,11.98%,,,,,,,,,,,,,,,,,,,,,,,,,,,,,,,,,,,,,,,,,,,,,,,,,,,,,,,,,,,,,,,,,,,
,,,,,,,,,,ITC Schedule,*,0.0%,0.0%,0.0%,0.0%,0.0%,0.0%,0.0%,0.0%,0.0%,0.0%,0.0%,0.0%,0.0%,0.0%,0.0%,0.0%,0.0%,0.0%,0.0%,0.0%,0.0%,0.0%,0.0%,0.0%,0.0%,0.0%,0.0%,0.0%,0.0%,,,,,,,,,,,,,,,,,,,,,,,,,,,,,,,,,,,,,,,,,,,,,,,,,,,,,,,,,,,,,,,,,,,
,,,,,,,,,,PTC,Advanced, $-   , $-   , $-   , $-   , $-   , $-   , $-   , $-   , $-   , $-   , $-   , $-   , $-   , $-   , $-   , $-   , $-   , $-   , $-   , $-   , $-   , $-   , $-   , $-   , $-   , $-   , $-   , $-   , $-   ,,,,,,,,,,,,,,,,,,,,,,,,,,,,,,,,,,,,,,,,,,,,,,,,,,,,,,,,,,,,,,,,,,,
,,,,,,,,,,PTC,Moderate, $-   , $-   , $-   , $-   , $-   , $-   , $-   , $-   , $-   , $-   , $-   , $-   , $-   , $-   , $-   , $-   , $-   , $-   , $-   , $-   , $-   , $-   , $-   , $-   , $-   , $-   , $-   , $-   , $-   ,,,,,,,,,,,,,,,,,,,,,,,,,,,,,,,,,,,,,,,,,,,,,,,,,,,,,,,,,,,,,,,,,,,
,,,,,,,,,,PTC,Conservative, $-   , $-   , $-   , $-   , $-   , $-   , $-   , $-   , $-   , $-   , $-   , $-   , $-   , $-   , $-   , $-   , $-   , $-   , $-   , $-   , $-   , $-   , $-   , $-   , $-   , $-   , $-   , $-   , $-   ,,,,,,,,,,,,,,,,,,,,,,,,,,,,,,,,,,,,,,,,,,,,,,,,,,,,,,,,,,,,,,,,,,,
,,,,,,,,,,PVD,Advanced,0.852,0.852,0.852,0.852,0.852,0.852,0.852,0.852,0.852,0.852,0.852,0.852,0.852,0.852,0.852,0.852,0.852,0.852,0.852,0.852,0.852,0.852,0.852,0.852,0.852,0.852,0.852,0.852,0.852,,,,,,,,,,,,,,,,,,,,,,,,,,,,,,,,,,,,,,,,,,,,,,,,,,,,,,,,,,,,,,,,,,,
,,,,,,,,,,PVD,Moderate,0.852,0.852,0.852,0.852,0.852,0.852,0.852,0.852,0.852,0.852,0.852,0.852,0.852,0.852,0.852,0.852,0.852,0.852,0.852,0.852,0.852,0.852,0.852,0.852,0.852,0.852,0.852,0.852,0.852,,,,,,,,,,,,,,,,,,,,,,,,,,,,,,,,,,,,,,,,,,,,,,,,,,,,,,,,,,,,,,,,,,,
,,,,,,,,,,PVD,Conservative,0.852,0.852,0.852,0.852,0.852,0.852,0.852,0.852,0.852,0.852,0.852,0.852,0.852,0.852,0.852,0.852,0.852,0.852,0.852,0.852,0.852,0.852,0.852,0.852,0.852,0.852,0.852,0.852,0.852,,,,,,,,,,,,,,,,,,,,,,,,,,,,,,,,,,,,,,,,,,,,,,,,,,,,,,,,,,,,,,,,,,,
,,,,,,,,,,PFF,Advanced,1.051,1.051,1.051,1.051,1.051,1.051,1.051,1.051,1.051,1.051,1.051,1.051,1.051,1.051,1.051,1.051,1.051,1.051,1.051,1.051,1.051,1.051,1.051,1.051,1.051,1.051,1.051,1.051,1.051,,,,,,,,,,,,,,,,,,,,,,,,,,,,,,,,,,,,,,,,,,,,,,,,,,,,,,,,,,,,,,,,,,,
,,,,,,,,,,PFF,Moderate,1.051,1.051,1.051,1.051,1.051,1.051,1.051,1.051,1.051,1.051,1.051,1.051,1.051,1.051,1.051,1.051,1.051,1.051,1.051,1.051,1.051,1.051,1.051,1.051,1.051,1.051,1.051,1.051,1.051,,,,,,,,,,,,,,,,,,,,,,,,,,,,,,,,,,,,,,,,,,,,,,,,,,,,,,,,,,,,,,,,,,,
,,,,,,,,,,PFF,Conservative,1.051,1.051,1.051,1.051,1.051,1.051,1.051,1.051,1.051,1.051,1.051,1.051,1.051,1.051,1.051,1.051,1.051,1.051,1.051,1.051,1.051,1.051,1.051,1.051,1.051,1.051,1.051,1.051,1.051,,,,,,,,,,,,,,,,,,,,,,,,,,,,,,,,,,,,,,,,,,,,,,,,,,,,,,,,,,,,,,,,,,,
,,,,,,,,MACRS,,Year (Advanced),,2022,2023,2024,2025,2026,2027,2028,2029,2030,2031,2032,2033,2034,2035,2036,2037,2038,2039,2040,2041,2042,2043,2044,2045,2046,2047,2048,2049,2050,,,,,,,,,,,,,,,,,,,,,,,,,,,,,,,,,,,,,,,,,,,,,,,,,,,,,,,,,,,,,,,,,,,
,,,,,,,,0.2,Depreciation Factor,1,,0.9433,0.9433,0.9433,0.9433,0.9433,0.9433,0.9433,0.9433,0.9433,0.9433,0.9433,0.9433,0.9433,0.9433,0.9433,0.9433,0.9433,0.9433,0.9433,0.9433,0.9433,0.9433,0.9433,0.9433,0.9433,0.9433,0.9433,0.9433,0.9433,,,,,,,,,,,,,,,,,,,,,,,,,,,,,,,,,,,,,,,,,,,,,,,,,,,,,,,,,,,,,,,,,,,
,,,,,,,,0.32,,2,,0.8898,0.8898,0.8898,0.8898,0.8898,0.8898,0.8898,0.8898,0.8898,0.8898,0.8898,0.8898,0.8898,0.8898,0.8898,0.8898,0.8898,0.8898,0.8898,0.8898,0.8898,0.8898,0.8898,0.8898,0.8898,0.8898,0.8898,0.8898,0.8898,,,,,,,,,,,,,,,,,,,,,,,,,,,,,,,,,,,,,,,,,,,,,,,,,,,,,,,,,,,,,,,,,,,
,,,,,,,,0.192,,3,,0.8393,0.8393,0.8393,0.8393,0.8393,0.8393,0.8393,0.8393,0.8393,0.8393,0.8393,0.8393,0.8393,0.8393,0.8393,0.8393,0.8393,0.8393,0.8393,0.8393,0.8393,0.8393,0.8393,0.8393,0.8393,0.8393,0.8393,0.8393,0.8393,,,,,,,,,,,,,,,,,,,,,,,,,,,,,,,,,,,,,,,,,,,,,,,,,,,,,,,,,,,,,,,,,,,
,,,,,,,,0.1152,,4,,0.7917,0.7917,0.7917,0.7917,0.7917,0.7917,0.7917,0.7917,0.7917,0.7917,0.7917,0.7917,0.7917,0.7917,0.7917,0.7917,0.7917,0.7917,0.7917,0.7917,0.7917,0.7917,0.7917,0.7917,0.7917,0.7917,0.7917,0.7917,0.7917,,,,,,,,,,,,,,,,,,,,,,,,,,,,,,,,,,,,,,,,,,,,,,,,,,,,,,,,,,,,,,,,,,,
,,,,,,,,0.1152,,5,,0.7468,0.7468,0.7468,0.7468,0.7468,0.7468,0.7468,0.7468,0.7468,0.7468,0.7468,0.7468,0.7468,0.7468,0.7468,0.7468,0.7468,0.7468,0.7468,0.7468,0.7468,0.7468,0.7468,0.7468,0.7468,0.7468,0.7468,0.7468,0.7468,,,,,,,,,,,,,,,,,,,,,,,,,,,,,,,,,,,,,,,,,,,,,,,,,,,,,,,,,,,,,,,,,,,
,,,,,,,,0.0576,,6,,0.7044,0.7044,0.7044,0.7044,0.7044,0.7044,0.7044,0.7044,0.7044,0.7044,0.7044,0.7044,0.7044,0.7044,0.7044,0.7044,0.7044,0.7044,0.7044,0.7044,0.7044,0.7044,0.7044,0.7044,0.7044,0.7044,0.7044,0.7044,0.7044,,,,,,,,,,,,,,,,,,,,,,,,,,,,,,,,,,,,,,,,,,,,,,,,,,,,,,,,,,,,,,,,,,,
,,,,,,,,,,Year (Moderate),,2022,2023,2024,2025,2026,2027,2028,2029,2030,2031,2032,2033,2034,2035,2036,2037,2038,2039,2040,2041,2042,2043,2044,2045,2046,2047,2048,2049,2050,,,,,,,,,,,,,,,,,,,,,,,,,,,,,,,,,,,,,,,,,,,,,,,,,,,,,,,,,,,,,,,,,,,
,,,,,,,,,,1,,0.9433,0.9433,0.9433,0.9433,0.9433,0.9433,0.9433,0.9433,0.9433,0.9433,0.9433,0.9433,0.9433,0.9433,0.9433,0.9433,0.9433,0.9433,0.9433,0.9433,0.9433,0.9433,0.9433,0.9433,0.9433,0.9433,0.9433,0.9433,0.9433,,,,,,,,,,,,,,,,,,,,,,,,,,,,,,,,,,,,,,,,,,,,,,,,,,,,,,,,,,,,,,,,,,,
,,,,,,,,,,2,,0.8898,0.8898,0.8898,0.8898,0.8898,0.8898,0.8898,0.8898,0.8898,0.8898,0.8898,0.8898,0.8898,0.8898,0.8898,0.8898,0.8898,0.8898,0.8898,0.8898,0.8898,0.8898,0.8898,0.8898,0.8898,0.8898,0.8898,0.8898,0.8898,,,,,,,,,,,,,,,,,,,,,,,,,,,,,,,,,,,,,,,,,,,,,,,,,,,,,,,,,,,,,,,,,,,
,,,,,,,,,,3,,0.8393,0.8393,0.8393,0.8393,0.8393,0.8393,0.8393,0.8393,0.8393,0.8393,0.8393,0.8393,0.8393,0.8393,0.8393,0.8393,0.8393,0.8393,0.8393,0.8393,0.8393,0.8393,0.8393,0.8393,0.8393,0.8393,0.8393,0.8393,0.8393,,,,,,,,,,,,,,,,,,,,,,,,,,,,,,,,,,,,,,,,,,,,,,,,,,,,,,,,,,,,,,,,,,,
,,,,,,,,,,4,,0.7917,0.7917,0.7917,0.7917,0.7917,0.7917,0.7917,0.7917,0.7917,0.7917,0.7917,0.7917,0.7917,0.7917,0.7917,0.7917,0.7917,0.7917,0.7917,0.7917,0.7917,0.7917,0.7917,0.7917,0.7917,0.7917,0.7917,0.7917,0.7917,,,,,,,,,,,,,,,,,,,,,,,,,,,,,,,,,,,,,,,,,,,,,,,,,,,,,,,,,,,,,,,,,,,
,,,,,,,,,,5,,0.7468,0.7468,0.7468,0.7468,0.7468,0.7468,0.7468,0.7468,0.7468,0.7468,0.7468,0.7468,0.7468,0.7468,0.7468,0.7468,0.7468,0.7468,0.7468,0.7468,0.7468,0.7468,0.7468,0.7468,0.7468,0.7468,0.7468,0.7468,0.7468,,,,,,,,,,,,,,,,,,,,,,,,,,,,,,,,,,,,,,,,,,,,,,,,,,,,,,,,,,,,,,,,,,,
,,,,,,,,,,6,,0.7044,0.7044,0.7044,0.7044,0.7044,0.7044,0.7044,0.7044,0.7044,0.7044,0.7044,0.7044,0.7044,0.7044,0.7044,0.7044,0.7044,0.7044,0.7044,0.7044,0.7044,0.7044,0.7044,0.7044,0.7044,0.7044,0.7044,0.7044,0.7044,,,,,,,,,,,,,,,,,,,,,,,,,,,,,,,,,,,,,,,,,,,,,,,,,,,,,,,,,,,,,,,,,,,
,,,,,,,,,,Year (Conservative),,2022,2023,2024,2025,2026,2027,2028,2029,2030,2031,2032,2033,2034,2035,2036,2037,2038,2039,2040,2041,2042,2043,2044,2045,2046,2047,2048,2049,2050,,,,,,,,,,,,,,,,,,,,,,,,,,,,,,,,,,,,,,,,,,,,,,,,,,,,,,,,,,,,,,,,,,,
,,,,,,,,,,1,,0.9433,0.9433,0.9433,0.9433,0.9433,0.9433,0.9433,0.9433,0.9433,0.9433,0.9433,0.9433,0.9433,0.9433,0.9433,0.9433,0.9433,0.9433,0.9433,0.9433,0.9433,0.9433,0.9433,0.9433,0.9433,0.9433,0.9433,0.9433,0.9433,,,,,,,,,,,,,,,,,,,,,,,,,,,,,,,,,,,,,,,,,,,,,,,,,,,,,,,,,,,,,,,,,,,
,,,,,,,,,,2,,0.8898,0.8898,0.8898,0.8898,0.8898,0.8898,0.8898,0.8898,0.8898,0.8898,0.8898,0.8898,0.8898,0.8898,0.8898,0.8898,0.8898,0.8898,0.8898,0.8898,0.8898,0.8898,0.8898,0.8898,0.8898,0.8898,0.8898,0.8898,0.8898,,,,,,,,,,,,,,,,,,,,,,,,,,,,,,,,,,,,,,,,,,,,,,,,,,,,,,,,,,,,,,,,,,,
,,,,,,,,,,3,,0.8393,0.8393,0.8393,0.8393,0.8393,0.8393,0.8393,0.8393,0.8393,0.8393,0.8393,0.8393,0.8393,0.8393,0.8393,0.8393,0.8393,0.8393,0.8393,0.8393,0.8393,0.8393,0.8393,0.8393,0.8393,0.8393,0.8393,0.8393,0.8393,,,,,,,,,,,,,,,,,,,,,,,,,,,,,,,,,,,,,,,,,,,,,,,,,,,,,,,,,,,,,,,,,,,
,,,,,,,,,,4,,0.7917,0.7917,0.7917,0.7917,0.7917,0.7917,0.7917,0.7917,0.7917,0.7917,0.7917,0.7917,0.7917,0.7917,0.7917,0.7917,0.7917,0.7917,0.7917,0.7917,0.7917,0.7917,0.7917,0.7917,0.7917,0.7917,0.7917,0.7917,0.7917,,,,,,,,,,,,,,,,,,,,,,,,,,,,,,,,,,,,,,,,,,,,,,,,,,,,,,,,,,,,,,,,,,,
,,,,,,,,,,5,,0.7468,0.7468,0.7468,0.7468,0.7468,0.7468,0.7468,0.7468,0.7468,0.7468,0.7468,0.7468,0.7468,0.7468,0.7468,0.7468,0.7468,0.7468,0.7468,0.7468,0.7468,0.7468,0.7468,0.7468,0.7468,0.7468,0.7468,0.7468,0.7468,,,,,,,,,,,,,,,,,,,,,,,,,,,,,,,,,,,,,,,,,,,,,,,,,,,,,,,,,,,,,,,,,,,
,,,,,,,,,,6,,0.7044,0.7044,0.7044,0.7044,0.7044,0.7044,0.7044,0.7044,0.7044,0.7044,0.7044,0.7044,0.7044,0.7044,0.7044,0.7044,0.7044,0.7044,0.7044,0.7044,0.7044,0.7044,0.7044,0.7044,0.7044,0.7044,0.7044,0.7044,0.7044,,,,,,,,,,,,,,,,,,,,,,,,,,,,,,,,,,,,,,,,,,,,,,,,,,,,,,,,,,,,,,,,,,,
,,,,,,,,,,,,,,,,,,,,,,,,,,,,,,,,,,,,,,,,,,,,,,,,,,,,,,,,,,,,,,,,,,,,,,,,,,,,,,,,,,,,,,,,,,,,,,,,,,,,,,,,,,,
,,,,,,,,,,,,2022,2023,2024,2025,2026,2027,2028,2029,2030,2031,2032,2033,2034,2035,2036,2037,2038,2039,2040,2041,2042,2043,2044,2045,2046,2047,2048,2049,2050,,,,,,,,,,,,,,,,,,,,,,,,,,,,,,,,,,,,,,,,,,,,,,,,,,,,,,,,,,,,,,,,,,,
,,,,,,,,,Construction Finance Factor,CFF,Advanced,1.036,1.036,1.036,1.036,1.036,1.036,1.036,1.036,1.036,1.036,1.036,1.036,1.036,1.036,1.036,1.036,1.036,1.036,1.036,1.036,1.036,1.036,1.036,1.036,1.036,1.036,1.036,1.036,1.036,,,,,,,,,,,,,,,,,,,,,,,,,,,,,,,,,,,,,,,,,,,,,,,,,,,,,,,,,,,,,,,,,,,
,,,,,,,,,,CFF,Moderate,1.036,1.036,1.036,1.036,1.036,1.036,1.036,1.036,1.036,1.036,1.036,1.036,1.036,1.036,1.036,1.036,1.036,1.036,1.036,1.036,1.036,1.036,1.036,1.036,1.036,1.036,1.036,1.036,1.036,,,,,,,,,,,,,,,,,,,,,,,,,,,,,,,,,,,,,,,,,,,,,,,,,,,,,,,,,,,,,,,,,,,
,,,,,,,,,,CFF,Conservative,1.036,1.036,1.036,1.036,1.036,1.036,1.036,1.036,1.036,1.036,1.036,1.036,1.036,1.036,1.036,1.036,1.036,1.036,1.036,1.036,1.036,1.036,1.036,1.036,1.036,1.036,1.036,1.036,1.036,,,,,,,,,,,,,,,,,,,,,,,,,,,,,,,,,,,,,,,,,,,,,,,,,,,,,,,,,,,,,,,,,,,
,,,,,,,,,,,,,,,,,,,,,,,,,,,,,,,,,,,,,,,,,,,,,,,,,,,,,,,,,,,,,,,,,,,,,,,,,,,,,,,,,,,,,,,,,,,,,,,,,,,,,,,,,,,
,,,,,,,,,,Accumulated Interest - Year 1,*,1.032,1.032,1.032,1.032,1.032,1.032,1.032,1.032,1.032,1.032,1.032,1.032,1.032,1.032,1.032,1.032,1.032,1.032,1.032,1.032,1.032,1.032,1.032,1.032,1.032,1.032,1.032,1.032,1.032,,,,,,,,,,,,,,,,,,,,,,,,,,,,,,,,,,,,,,,,,,,,,,,,,,,,,,,,,,,,,,,,,,,
,,,,,,,,,,Accumulated Interest - Year 2,*,1.099,1.099,1.099,1.099,1.099,1.099,1.099,1.099,1.099,1.099,1.099,1.099,1.099,1.099,1.099,1.099,1.099,1.099,1.099,1.099,1.099,1.099,1.099,1.099,1.099,1.099,1.099,1.099,1.099,,,,,,,,,,,,,,,,,,,,,,,,,,,,,,,,,,,,,,,,,,,,,,,,,,,,,,,,,,,,,,,,,,,
,,,,,,,,,,Accumulated Interest - Year 3,*,1.171,1.171,1.171,1.171,1.171,1.171,1.171,1.171,1.171,1.171,1.171,1.171,1.171,1.171,1.171,1.171,1.171,1.171,1.171,1.171,1.171,1.171,1.171,1.171,1.171,1.171,1.171,1.171,1.171,,,,,,,,,,,,,,,,,,,,,,,,,,,,,,,,,,,,,,,,,,,,,,,,,,,,,,,,,,,,,,,,,,,
,,,,,,,,,,Accumulated Equity Cost - Year 1,Advanced,1.051,1.051,1.051,1.051,1.051,1.051,1.051,1.051,1.051,1.051,1.051,1.051,1.051,1.051,1.051,1.051,1.051,1.051,1.051,1.051,1.051,1.051,1.051,1.051,1.051,1.051,1.051,1.051,1.051,,,,,,,,,,,,,,,,,,,,,,,,,,,,,,,,,,,,,,,,,,,,,,,,,,,,,,,,,,,,,,,,,,,
,,,,,,,,,,Accumulated Equity Cost - Year 2,Advanced,1.162,1.162,1.162,1.162,1.162,1.162,1.162,1.162,1.162,1.162,1.162,1.162,1.162,1.162,1.162,1.162,1.162,1.162,1.162,1.162,1.162,1.162,1.162,1.162,1.162,1.162,1.162,1.162,1.162,,,,,,,,,,,,,,,,,,,,,,,,,,,,,,,,,,,,,,,,,,,,,,,,,,,,,,,,,,,,,,,,,,,
,,,,,,,,,,Accumulated Equity Cost - Year 3,Advanced,1.284,1.284,1.284,1.284,1.284,1.284,1.284,1.284,1.284,1.284,1.284,1.284,1.284,1.284,1.284,1.284,1.284,1.284,1.284,1.284,1.284,1.284,1.284,1.284,1.284,1.284,1.284,1.284,1.284,,,,,,,,,,,,,,,,,,,,,,,,,,,,,,,,,,,,,,,,,,,,,,,,,,,,,,,,,,,,,,,,,,,
,,,,,,,,,,Accumulated Equity Cost - Year 1,Moderate,1.051,1.051,1.051,1.051,1.051,1.051,1.051,1.051,1.051,1.051,1.051,1.051,1.051,1.051,1.051,1.051,1.051,1.051,1.051,1.051,1.051,1.051,1.051,1.051,1.051,1.051,1.051,1.051,1.051,,,,,,,,,,,,,,,,,,,,,,,,,,,,,,,,,,,,,,,,,,,,,,,,,,,,,,,,,,,,,,,,,,,
,,,,,,,,,,Accumulated Equity Cost - Year 2,Moderate,1.162,1.162,1.162,1.162,1.162,1.162,1.162,1.162,1.162,1.162,1.162,1.162,1.162,1.162,1.162,1.162,1.162,1.162,1.162,1.162,1.162,1.162,1.162,1.162,1.162,1.162,1.162,1.162,1.162,,,,,,,,,,,,,,,,,,,,,,,,,,,,,,,,,,,,,,,,,,,,,,,,,,,,,,,,,,,,,,,,,,,
,,,,,,,,,,Accumulated Equity Cost - Year 3,Moderate,1.284,1.284,1.284,1.284,1.284,1.284,1.284,1.284,1.284,1.284,1.284,1.284,1.284,1.284,1.284,1.284,1.284,1.284,1.284,1.284,1.284,1.284,1.284,1.284,1.284,1.284,1.284,1.284,1.284,,,,,,,,,,,,,,,,,,,,,,,,,,,,,,,,,,,,,,,,,,,,,,,,,,,,,,,,,,,,,,,,,,,
,,,,,,,,,,Accumulated Equity Cost - Year 1,Conservative,1.051,1.051,1.051,1.051,1.051,1.051,1.051,1.051,1.051,1.051,1.051,1.051,1.051,1.051,1.051,1.051,1.051,1.051,1.051,1.051,1.051,1.051,1.051,1.051,1.051,1.051,1.051,1.051,1.051,,,,,,,,,,,,,,,,,,,,,,,,,,,,,,,,,,,,,,,,,,,,,,,,,,,,,,,,,,,,,,,,,,,
,,,,,,,,,,Accumulated Equity Cost - Year 2,Conservative,1.162,1.162,1.162,1.162,1.162,1.162,1.162,1.162,1.162,1.162,1.162,1.162,1.162,1.162,1.162,1.162,1.162,1.162,1.162,1.162,1.162,1.162,1.162,1.162,1.162,1.162,1.162,1.162,1.162,,,,,,,,,,,,,,,,,,,,,,,,,,,,,,,,,,,,,,,,,,,,,,,,,,,,,,,,,,,,,,,,,,,
,,,,,,,,,,Accumulated Equity Cost - Year 3,Conservative,1.284,1.284,1.284,1.284,1.284,1.284,1.284,1.284,1.284,1.284,1.284,1.284,1.284,1.284,1.284,1.284,1.284,1.284,1.284,1.284,1.284,1.284,1.284,1.284,1.284,1.284,1.284,1.284,1.284,,,,,,,,,,,,,,,,,,,,,,,,,,,,,,,,,,,,,,,,,,,,,,,,,,,,,,,,,,,,,,,,,,,
,,,,,,,,,,,,,,,,,,,,,,,,,,,,,,,,,,,,,,,,,,,,,,,,,,,,,,,,,,,,,,,,,,,,,,,,,,,,,,,,,,,,,,,,,,,,,,,,,,,,,,,,,,,
,,,,,,,,,,,,,,,,,,,,,,,,,,,,,,,,,,,,,,,,,,,,,,,,,,,,,,,,,,,,,,,,,,,,,,,,,,,,,,,,,,,,,,,,,,,,,,,,,,,,,,,,,,,
,,X,,,,Data Sources for Default Inputs,,,,,,,,,,,,,,,,,,,,,,,,,,,,,,,,,,,,,,,,,,,,,,,,,,,,,,,,,,,,,,,,,,,,,,,,,,,,,,,,,,,,,,,,,,,,,,,,,,,,,
,,,,,,,,,,,,,,,,,,,,,,,,,,,,,,,,,,,,,,,,,,,,,,,,,,,,,,,,,,,,,,,,,,,,,,,,,,,,,,,,,,,,,,,,,,,,,,,,,,,,,,,,,,,
,,,,,,,Current Costs:,,,,,,Citation,,,,,Dollar Year,Escalation Index,,,,,,,,,,,,,,,,,,,,,,,,,,,,,,,,,,,,,,,,,,,,,,,,,,,,,,,,,,,,,,,,,,,,,,,,,,,,,,,,,,,,,,,,
,,,,,,,Available Capacity (GW),,,,,,"A. Milbrandt, D. Heimiller, and P. Schwabe. 2018.",,,,,,,,,,,,,,,"Techno-Economic Renewable Energy Potential on Tribal Lands. Golden, CO: National Renewable Energy Laboratory",,,,,,,,,,,,,,,,,,,,,,,,,,,,,,,,,,,,,,,,,,,,,,,,,,,,,,,,,,,,,,,,,,,,,,,,,,,,,,,
,,,,,,,Net Capacity Factor (%),,,,,,NREL PVWATTS v5. Representative of national range of capacity factors.,,,,,,,,,,,,,,,,,,,,,,,,,,,,,,,,,,,,,,,,,,,,,,,,,,,,,,,,,,,,,,,,,,,,,,,,,,,,,,,,,,,,,,,,,,,,,,
,,,,,,,Overnight Capital Cost ($/kW),,,,,,"V. Ramasamy, J. Zuboy, M. Woodhouse, E. O’Shaughnessy, D. Feldman, J. Desai, A. Walker, R. Margolis, and P. Basore. 2023. ",,,,,,,,,,,,,,,"U.S. Solar Photovoltaic System and Energy Storage Cost Benchmarks, With Minimum Sustainable Price Analysis: Q1 2023. Golden, CO: National Renewable Energy Laboratory",,,,,,,,,,,,,,,,,,,,,,,,,,,,,,,,,,,,,,,,,,,,,,,,,,,,,,,,,,,,,,,,,,,,,,,,,,,,,,,
,,,,,,,Fixed Operating Expenses ($/kW-yr),,,,,,"V. Ramasamy, J. Zuboy, M. Woodhouse, E. O’Shaughnessy, D. Feldman, J. Desai, A. Walker, R. Margolis, and P. Basore. 2023. ",,,,,,,,,,,,,,,"U.S. Solar Photovoltaic System and Energy Storage Cost Benchmarks, With Minimum Sustainable Price Analysis: Q1 2023. Golden, CO: National Renewable Energy Laboratory",,,,,,,,,,,,,,,,,,,,,,,,,,,,,,,,,,,,,,,,,,,,,,,,,,,,,,,,,,,,,,,,,,,,,,,,,,,,,,,
,,,,,,,Variable Operating Expenses ($/MWh),,,,,,N/A,,,,,,,,,,,,,,,,,,,,,,,,,,,,,,,,,,,,,,,,,,,,,,,,,,,,,,,,,,,,,,,,,,,,,,,,,,,,,,,,,,,,,,,,,,,,,,
,,,,,,,Spur Line Cost ($/kW),,,,,,N/A,,,,,,,,,,,,,,,,,,,,,,,,,,,,,,,,,,,,,,,,,,,,,,,,,,,,,,,,,,,,,,,,,,,,,,,,,,,,,,,,,,,,,,,,,,,,,,
,,,,,,,,,,,,,,,,,,,,,,,,,,,,,,,,,,,,,,,,,,,,,,,,,,,,,,,,,,,,,,,,,,,,,,,,,,,,,,,,,,,,,,,,,,,,,,,,,,,,,,,,,,,
,,,,,,,Future Projections Costs:,,,,,,Citation,,,,,Dollar Year,Escalation Index,,,,,,,,,,,,,,,,,,,,,,,,,,,,,,,,,,,,,,,,,,,,,,,,,,,,,,,,,,,,,,,,,,,,,,,,,,,,,,,,,,,,,,,,
,,,,,,,Net Capacity Factor (%),,,,,,NREL internal modeling taking into account improvements in degradation and increases in energy yield.  See accompanying ATB presentation for more information.,,,,,,,,,,,,,,,,,,,,,,,,,,,,,,,,,,,,,,,,,,,,,,,,,,,,,,,,,,,,,,,,,,,,,,,,,,,,,,,,,,,,,,,,,,,,,,
,,,,,,,Overnight Capital Cost ($/kW),,,,,,NREL internal modeling.  See accompanying ATB presentation for more information.,,,,,,,,,,,,,,,,,,,,,,,,,,,,,,,,,,,,,,,,,,,,,,,,,,,,,,,,,,,,,,,,,,,,,,,,,,,,,,,,,,,,,,,,,,,,,,
,,,,,,,2022 to 2023 overnight capital cost adjustments (%),,,,,,"V. Ramasamy, J. Zuboy, M. Woodhouse, E. O’Shaughnessy, D. Feldman, J. Desai, A. Walker, R. Margolis, and P. Basore. 2023. ",,,,,,,,,,,,,,,,,,,,,,,,,,,,,,,,,,,,,,,,,,,,,,,,,,,,,,,,,,,,,,,,,,,,,,,,,,,,,,,,,,,,,,,,,,,,,,
,,,,,,,Fixed Operating Expenses ($/kW-yr),,,,,,NREL internal modeling.  See accompanying ATB presentation for more information.,,,,,,,,,,,,,,,,,,,,,,,,,,,,,,,,,,,,,,,,,,,,,,,,,,,,,,,,,,,,,,,,,,,,,,,,,,,,,,,,,,,,,,,,,,,,,,
,,,,,,,Variable Operating Expenses ($/MWh),,,,,,N/A,,,,,,,,,,,,,,,,,,,,,,,,,,,,,,,,,,,,,,,,,,,,,,,,,,,,,,,,,,,,,,,,,,,,,,,,,,,,,,,,,,,,,,,,,,,,,,
,,,,,,,Grid Connection Cost ($/kW),,,,,,Range of assumptions based on NREL-benchmarked costs in 2022 and 2023.,,,,,,,,,,,,,,,,,,,,,,,,,,,,,,,,,,,,,,,,,,,,,,,,,,,,,,,,,,,,,,,,,,,,,,,,,,,,,,,,,,,,,,,,,,,,,,
,,,,,,,,,,,,,,,,,,,,,,,,,,,,,,,,,,,,,,,,,,,,,,,,,,,,,,,,,,,,,,,,,,,,,,,,,,,,,,,,,,,,,,,,,,,,,,,,,,,,,,,,,,,
,,,,,,,,,,,,,,,,,,,,,,,,,,,,,,,,,,,,,,,,,,,,,,,,,,,,,,,,,,,,,,,,,,,,,,,,,,,,,,,,,,,,,,,,,,,,,,,,,,,,,,,,,,,
,,,,,,,,,,,,,,,,,,,,,,,,,,,,,,,,,,,,,,,,,,,,,,,,,,,,,,,,,,,,,,,,,,,,,,,,,,,,,,,,,,,,,,,,,,,,,,,,,,,,,,,,,,,
,,,,,,,,,,,,,,,,,, ,,,,,,,,,,,,,,,,,,,,,,,,,,,,,,,,,,,,,,,,,,,,,,,,,,,,,,,,,,,,,,,,,,,,,,,,,,,,,,,,,,,,,,,,,
,,,,,,,,,,,,,,,,,,,,,,,,,,,,,,,,,,,,,,,,,,,,,,,,,,,,,,,,,,,,,,,,,,,,,,,,,,,,,,,,,,,,,,,,,,,,,,,,,,,,,,,,,,,
,,,,,,,,,,,,,,,,,,,,,,,,,,,,,,,,,,,,,,,,,,,,,,,,,,,,,,,,,,,,,,,,,,,,,,,,,,,,,,,,,,,,,,,,,,,,,,,,,,,,,,,,,,,
,,,,,,,,,,,,,,,,,,,,,,,,,,,,,,,,,,,,,,,,,,,,,,,,,,,,,,,,,,,,,,,,,,,,,,,,,,,,,,,,,,,,,,,,,,,,,,,,,,,,,,,,,,,
,,,,,,,,,,,,,,,,,,,,,,,,,,,,,,,,,,,,,,,,,,,,,,,,,,,,,,,,,,,,,,,,,,,,,,,,,,,,,,,,,,,,,,,,,,,,,,,,,,,,,,,,,,,
,,,,,,,,,,,,,,,,,,,,,,,,,,,,,,,,,,,,,,,,,,,,,,,,,,,,,,,,,,,,,,,,,,,,,,,,,,,,,,,,,,,,,,,,,,,,,,,,,,,,,,,,,,,
,,,,,,,,,,,,,,,,,,,,,,,,,,,,,,,,,,,,,,,,,,,,,,,,,,,,,,,,,,,,,,,,,,,,,,,,,,,,,,,,,,,,,,,,,,,,,,,,,,,,,,,,,,,
,,,,,,,,,,,,,,,,,,,,,,,,,,,,,,,,,,,,,,,,,,,,,,,,,,,,,,,,,,,,,,,,,,,,,,,,,,,,,,,,,,,,,,,,,,,,,,,,,,,,,,,,,,,
,,,,,,,,,,,,,,,,,,,,,,,,,,,,,,,,,,,,,,,,,,,,,,,,,,,,,,,,,,,,,,,,,,,,,,,,,,,,,,,,,,,,,,,,,,,,,,,,,,,,,,,,,,,
,,,,,,,,,,,,,,,,,,,,,,,,,,,,,,,,,,,,,,,,,,,,,,,,,,,,,,,,,,,,,,,,,,,,,,,,,,,,,,,,,,,,,,,,,,,,,,,,,,,,,,,,,,,
,,,,,,,,,,,,,,,,,,,,,,,,,,,,,,,,,,,,,,,,,,,,,,,,,,,,,,,,,,,,,,,,,,,,,,,,,,,,,,,,,,,,,,,,,,,,,,,,,,,,,,,,,,,
,,,,,,,,,,,,,,,,,,,,,,,,,,,,,,,,,,,,,,,,,,,,,,,,,,,,,,,,,,,,,,,,,,,,,,,,,,,,,,,,,,,,,,,,,,,,,,,,,,,,,,,,,,,
,,,,,,,,,,,,,,,,,,,,,,,,,,,,,,,,,,,,,,,,,,,,,,,,,,,,,,,,,,,,,,,,,,,,,,,,,,,,,,,,,,,,,,,,,,,,,,,,,,,,,,,,,,,
,,,,,,,,,,,,,,,,,,,,,,,,,,,,,,,,,,,,,,,,,,,,,,,,,,,,,,,,,,,,,,,,,,,,,,,,,,,,,,,,,,,,,,,,,,,,,,,,,,,,,,,,,,,
,,,,,,,,,,,,,,,,,,,,,,,,,,,,,,,,,,,,,,,,,,,,,,,,,,,,,,,,,,,,,,,,,,,,,,,,,,,,,,,,,,,,,,,,,,,,,,,,,,,,,,,,,,,
,,,,,,,,,,,,,,,,,,,,,,,,,,,,,,,,,,,,,,,,,,,,,,,,,,,,,,,,,,,,,,,,,,,,,,,,,,,,,,,,,,,,,,,,,,,,,,,,,,,,,,,,,,,
,,,,,,,,,,,,,,,,,,,,,,,,,,,,,,,,,,,,,,,,,,,,,,,,,,,,,,,,,,,,,,,,,,,,,,,,,,,,,,,,,,,,,,,,,,,,,,,,,,,,,,,,,,,
,,,,,,,,,,,,,,,,,,,,,,,,,,,,,,,,,,,,,,,,,,,,,,,,,,,,,,,,,,,,,,,,,,,,,,,,,,,,,,,,,,,,,,,,,,,,,,,,,,,,,,,,,,,
,,,,,,,,,,,,,,,,,,,,,,,,,,,,,,,,,,,,,,,,,,,,,,,,,,,,,,,,,,,,,,,,,,,,,,,,,,,,,,,,,,,,,,,,,,,,,,,,,,,,,,,,,,,
,,,,,,,,,,,,,,,,,,,,,,,,,,,,,,,,,,,,,,,,,,,,,,,,,,,,,,,,,,,,,,,,,,,,,,,,,,,,,,,,,,,,,,,,,,,,,,,,,,,,,,,,,,,
,,,,,,,,,,,,,,,,,,,,,,,,,,,,,,,,,,,,,,,,,,,,,,,,,,,,,,,,,,,,,,,,,,,,,,,,,,,,,,,,,,,,,,,,,,,,,,,,,,,,,,,,,,,
,,,,,,,,,,,,,,,,,,,,,,,,,,,,,,,,,,,,,,,,,,,,,,,,,,,,,,,,,,,,,,,,,,,,,,,,,,,,,,,,,,,,,,,,,,,,,,,,,,,,,,,,,,,
,,,,,,,,,,,,,,,,,,,,,,,,,,,,,,,,,,,,,,,,,,,,,,,,,,,,,,,,,,,,,,,,,,,,,,,,,,,,,,,,,,,,,,,,,,,,,,,,,,,,,,,,,,,
,,,,,,,,,,,,,,,,,,,,,,,,,,,,,,,,,,,,,,,,,,,,,,,,,,,,,,,,,,,,,,,,,,,,,,,,,,,,,,,,,,,,,,,,,,,,,,,,,,,,,,,,,,,
,,,,,,,,,,,,,,,,,,,,,,,,,,,,,,,,,,,,,,,,,,,,,,,,,,,,,,,,,,,,,,,,,,,,,,,,,,,,,,,,,,,,,,,,,,,,,,,,,,,,,,,,,,,
,,,,,,,,,,,,,,,,,,,,,,,,,,,,,,,,,,,,,,,,,,,,,,,,,,,,,,,,,,,,,,,,,,,,,,,,,,,,,,,,,,,,,,,,,,,,,,,,,,,,,,,,,,,
,,,,,,,,,,,,,,,,,,,,,,,,,,,,,,,,,,,,,,,,,,,,,,,,,,,,,,,,,,,,,,,,,,,,,,,,,,,,,,,,,,,,,,,,,,,,,,,,,,,,,,,,,,,
,,,,,,,,,,,,,,,,,,,,,,,,,,,,,,,,,,,,,,,,,,,,,,,,,,,,,,,,,,,,,,,,,,,,,,,,,,,,,,,,,,,,,,,,,,,,,,,,,,,,,,,,,,,
,,,,,,,,,,,,,,,,,,,,,,,,,,,,,,,,,,,,,,,,,,,,,,,,,,,,,,,,,,,,,,,,,,,,,,,,,,,,,,,,,,,,,,,,,,,,,,,,,,,,,,,,,,,
,,,,,,,,,,,,,,,,,,,,,,,,,,,,,,,,,,,,,,,,,,,,,,,,,,,,,,,,,,,,,,,,,,,,,,,,,,,,,,,,,,,,,,,,,,,,,,,,,,,,,,,,,,,
,,,,,,,,,,,,,,,,,,,,,,,,,,,,,,,,,,,,,,,,,,,,,,,,,,,,,,,,,,,,,,,,,,,,,,,,,,,,,,,,,,,,,,,,,,,,,,,,,,,,,,,,,,,
,,,,,,,,,,,,,,,,,,,,,,,,,,,,,,,,,,,,,,,,,,,,,,,,,,,,,,,,,,,,,,,,,,,,,,,,,,,,,,,,,,,,,,,,,,,,,,,,,,,,,,,,,,,
,,,,,,,,,,,,,,,,,,,,,,,,,,,,,,,,,,,,,,,,,,,,,,,,,,,,,,,,,,,,,,,,,,,,,,,,,,,,,,,,,,,,,,,,,,,,,,,,,,,,,,,,,,,
,,,,,,,,,,,,,,,,,,,,,,,,,,,,,,,,,,,,,,,,,,,,,,,,,,,,,,,,,,,,,,,,,,,,,,,,,,,,,,,,,,,,,,,,,,,,,,,,,,,,,,,,,,,
,,,,,,,,,,,,,,,,,,,,,,,,,,,,,,,,,,,,,,,,,,,,,,,,,,,,,,,,,,,,,,,,,,,,,,,,,,,,,,,,,,,,,,,,,,,,,,,,,,,,,,,,,,,
,,,,,,,,,,,,,,,,,,,,,,,,,,,,,,,,,,,,,,,,,,,,,,,,,,,,,,,,,,,,,,,,,,,,,,,,,,,,,,,,,,,,,,,,,,,,,,,,,,,,,,,,,,,
,,,,,,,,,,,,,,,,,,,,,,,,,,,,,,,,,,,,,,,,,,,,,,,,,,,,,,,,,,,,,,,,,,,,,,,,,,,,,,,,,,,,,,,,,,,,,,,,,,,,,,,,,,,
,,,,,,,,,,,,,,,,,,,,,,,,,,,,,,,,,,,,,,,,,,,,,,,,,,,,,,,,,,,,,,,,,,,,,,,,,,,,,,,,,,,,,,,,,,,,,,,,,,,,,,,,,,,
,,,,,,,,,,,,,,,,,,,,,,,,,,,,,,,,,,,,,,,,,,,,,,,,,,,,,,,,,,,,,,,,,,,,,,,,,,,,,,,,,,,,,,,,,,,,,,,,,,,,,,,,,,,
,,,,,,,,,,,,,,,,,,,,,,,,,,,,,,,,,,,,,,,,,,,,,,,,,,,,,,,,,,,,,,,,,,,,,,,,,,,,,,,,,,,,,,,,,,,,,,,,,,,,,,,,,,,
,,,,,,,,,,,,,,,,,,,,,,,,,,,,,,,,,,,,,,,,,,,,,,,,,,,,,,,,,,,,,,,,,,,,,,,,,,,,,,,,,,,,,,,,,,,,,,,,,,,,,,,,,,,
,,,,,,,,,,,,,,,,,,,,,,,,,,,,,,,,,,,,,,,,,,,,,,,,,,,,,,,,,,,,,,,,,,,,,,,,,,,,,,,,,,,,,,,,,,,,,,,,,,,,,,,,,,,
,,,,,,,,,,,,,,,,,,,,,,,,,,,,,,,,,,,,,,,,,,,,,,,,,,,,,,,,,,,,,,,,,,,,,,,,,,,,,,,,,,,,,,,,,,,,,,,,,,,,,,,,,,,
,,,,,,,,,,,,,,,,,,,,,,,,,,,,,,,,,,,,,,,,,,,,,,,,,,,,,,,,,,,,,,,,,,,,,,,,,,,,,,,,,,,,,,,,,,,,,,,,,,,,,,,,,,,
,,,,,,,,,,,,,,,,,,,,,,,,,,,,,,,,,,,,,,,,,,,,,,,,,,,,,,,,,,,,,,,,,,,,,,,,,,,,,,,,,,,,,,,,,,,,,,,,,,,,,,,,,,,
,,,,,,,,,,,,,,,,,,,,,,,,,,,,,,,,,,,,,,,,,,,,,,,,,,,,,,,,,,,,,,,,,,,,,,,,,,,,,,,,,,,,,,,,,,,,,,,,,,,,,,,,,,,
,,,,,,,,,,,,,,,,,,,,,,,,,,,,,,,,,,,,,,,,,,,,,,,,,,,,,,,,,,,,,,,,,,,,,,,,,,,,,,,,,,,,,,,,,,,,,,,,,,,,,,,,,,,
,,,,,,,,,,,,,,,,,,,,,,,,,,,,,,,,,,,,,,,,,,,,,,,,,,,,,,,,,,,,,,,,,,,,,,,,,,,,,,,,,,,,,,,,,,,,,,,,,,,,,,,,,,,
,,,,,,,,,,,,,,,,,,,,,,,,,,,,,,,,,,,,,,,,,,,,,,,,,,,,,,,,,,,,,,,,,,,,,,,,,,,,,,,,,,,,,,,,,,,,,,,,,,,,,,,,,,,
,,,,,,,,,,,,,,,,,,,,,,,,,,,,,,,,,,,,,,,,,,,,,,,,,,,,,,,,,,,,,,,,,,,,,,,,,,,,,,,,,,,,,,,,,,,,,,,,,,,,,,,,,,,
,,,,,,,,,,,,,,,,,,,,,,,,,,,,,,,,,,,,,,,,,,,,,,,,,,,,,,,,,,,,,,,,,,,,,,,,,,,,,,,,,,,,,,,,,,,,,,,,,,,,,,,,,,,
,,,,,,,,,,,,,,,,,,,,,,,,,,,,,,,,,,,,,,,,,,,,,,,,,,,,,,,,,,,,,,,,,,,,,,,,,,,,,,,,,,,,,,,,,,,,,,,,,,,,,,,,,,,
,,,,,,,,,,,,,,,,,,,,,,,,,,,,,,,,,,,,,,,,,,,,,,,,,,,,,,,,,,,,,,,,,,,,,,,,,,,,,,,,,,,,,,,,,,,,,,,,,,,,,,,,,,,
,,,,,,,,,,,,,,,,,,,,,,,,,,,,,,,,,,,,,,,,,,,,,,,,,,,,,,,,,,,,,,,,,,,,,,,,,,,,,,,,,,,,,,,,,,,,,,,,,,,,,,,,,,,
,,,,,,,,,,,,,,,,,,,,,,,,,,,,,,,,,,,,,,,,,,,,,,,,,,,,,,,,,,,,,,,,,,,,,,,,,,,,,,,,,,,,,,,,,,,,,,,,,,,,,,,,,,,
,,,,,,,,,,,,,,,,,,,,,,,,,,,,,,,,,,,,,,,,,,,,,,,,,,,,,,,,,,,,,,,,,,,,,,,,,,,,,,,,,,,,,,,,,,,,,,,,,,,,,,,,,,,
,,,,,,,,,,,,,,,,,,,,,,,,,,,,,,,,,,,,,,,,,,,,,,,,,,,,,,,,,,,,,,,,,,,,,,,,,,,,,,,,,,,,,,,,,,,,,,,,,,,,,,,,,,,
,,,,,,,,,,,,,,,,,,,,,,,,,,,,,,,,,,,,,,,,,,,,,,,,,,,,,,,,,,,,,,,,,,,,,,,,,,,,,,,,,,,,,,,,,,,,,,,,,,,,,,,,,,,
,,,,,,,,,,,,,,,,,,,,,,,,,,,,,,,,,,,,,,,,,,,,,,,,,,,,,,,,,,,,,,,,,,,,,,,,,,,,,,,,,,,,,,,,,,,,,,,,,,,,,,,,,,,
,,,,,,,,,,,,,,,,,,,,,,,,,,,,,,,,,,,,,,,,,,,,,,,,,,,,,,,,,,,,,,,,,,,,,,,,,,,,,,,,,,,,,,,,,,,,,,,,,,,,,,,,,,,
,,,,,,,,,,,,,,,,,,,,,,,,,,,,,,,,,,,,,,,,,,,,,,,,,,,,,,,,,,,,,,,,,,,,,,,,,,,,,,,,,,,,,,,,,,,,,,,,,,,,,,,,,,,
,,,,,,,,,,,,,,,,,,,,,,,,,,,,,,,,,,,,,,,,,,,,,,,,,,,,,,,,,,,,,,,,,,,,,,,,,,,,,,,,,,,,,,,,,,,,,,,,,,,,,,,,,,,
,,,,,,,,,,,,,,,,,,,,,,,,,,,,,,,,,,,,,,,,,,,,,,,,,,,,,,,,,,,,,,,,,,,,,,,,,,,,,,,,,,,,,,,,,,,,,,,,,,,,,,,,,,,
,,,,,,,,,,,,,,,,,,,,,,,,,,,,,,,,,,,,,,,,,,,,,,,,,,,,,,,,,,,,,,,,,,,,,,,,,,,,,,,,,,,,,,,,,,,,,,,,,,,,,,,,,,,
,,,,,,,,,,,,,,,,,,,,,,,,,,,,,,,,,,,,,,,,,,,,,,,,,,,,,,,,,,,,,,,,,,,,,,,,,,,,,,,,,,,,,,,,,,,,,,,,,,,,,,,,,,,
,,,,,,,,,,,,,,,,,,,,,,,,,,,,,,,,,,,,,,,,,,,,,,,,,,,,,,,,,,,,,,,,,,,,,,,,,,,,,,,,,,,,,,,,,,,,,,,,,,,,,,,,,,,
,,,,,,,,,,,,,,,,,,,,,,,,,,,,,,,,,,,,,,,,,,,,,,,,,,,,,,,,,,,,,,,,,,,,,,,,,,,,,,,,,,,,,,,,,,,,,,,,,,,,,,,,,,,
,,,,,,,,,,,,,,,,,,,,,,,,,,,,,,,,,,,,,,,,,,,,,,,,,,,,,,,,,,,,,,,,,,,,,,,,,,,,,,,,,,,,,,,,,,,,,,,,,,,,,,,,,,,
,,,,,,,,,,,,,,,,,,,,,,,,,,,,,,,,,,,,,,,,,,,,,,,,,,,,,,,,,,,,,,,,,,,,,,,,,,,,,,,,,,,,,,,,,,,,,,,,,,,,,,,,,,,
,,,,,,,,,,,,,,,,,,,,,,,,,,,,,,,,,,,,,,,,,,,,,,,,,,,,,,,,,,,,,,,,,,,,,,,,,,,,,,,,,,,,,,,,,,,,,,,,,,,,,,,,,,,
,,,,,,,,,,,,,,,,,,,,,,,,,,,,,,,,,,,,,,,,,,,,,,,,,,,,,,,,,,,,,,,,,,,,,,,,,,,,,,,,,,,,,,,,,,,,,,,,,,,,,,,,,,,
,,,,,,,,,,,,,,,,,,,,,,,,,,,,,,,,,,,,,,,,,,,,,,,,,,,,,,,,,,,,,,,,,,,,,,,,,,,,,,,,,,,,,,,,,,,,,,,,,,,,,,,,,,,
,,,,,,,,,,,,,,,,,,,,,,,,,,,,,,,,,,,,,,,,,,,,,,,,,,,,,,,,,,,,,,,,,,,,,,,,,,,,,,,,,,,,,,,,,,,,,,,,,,,,,,,,,,,
,,,,,,,,,,,,,,,,,,,,,,,,,,,,,,,,,,,,,,,,,,,,,,,,,,,,,,,,,,,,,,,,,,,,,,,,,,,,,,,,,,,,,,,,,,,,,,,,,,,,,,,,,,,
,,,,,,,,,,,,,,,,,,,,,,,,,,,,,,,,,,,,,,,,,,,,,,,,,,,,,,,,,,,,,,,,,,,,,,,,,,,,,,,,,,,,,,,,,,,,,,,,,,,,,,,,,,,
,,,,,,,,,,,,,,,,,,,,,,,,,,,,,,,,,,,,,,,,,,,,,,,,,,,,,,,,,,,,,,,,,,,,,,,,,,,,,,,,,,,,,,,,,,,,,,,,,,,,,,,,,,,
,,,,,,,,,,,,,,,,,,,,,,,,,,,,,,,,,,,,,,,,,,,,,,,,,,,,,,,,,,,,,,,,,,,,,,,,,,,,,,,,,,,,,,,,,,,,,,,,,,,,,,,,,,,
,,,,,,,,,,,,,,,,,,,,,,,,,,,,,,,,,,,,,,,,,,,,,,,,,,,,,,,,,,,,,,,,,,,,,,,,,,,,,,,,,,,,,,,,,,,,,,,,,,,,,,,,,,,
,,,,,,,,,,,,,,,,,,,,,,,,,,,,,,,,,,,,,,,,,,,,,,,,,,,,,,,,,,,,,,,,,,,,,,,,,,,,,,,,,,,,,,,,,,,,,,,,,,,,,,,,,,,
,,,,,,,,,,,,,,,,,,,,,,,,,,,,,,,,,,,,,,,,,,,,,,,,,,,,,,,,,,,,,,,,,,,,,,,,,,,,,,,,,,,,,,,,,,,,,,,,,,,,,,,,,,,
,,,,,,,,,,,,,,,,,,,,,,,,,,,,,,,,,,,,,,,,,,,,,,,,,,,,,,,,,,,,,,,,,,,,,,,,,,,,,,,,,,,,,,,,,,,,,,,,,,,,,,,,,,,
,,,,,,,,,,,,,,,,,,,,,,,,,,,,,,,,,,,,,,,,,,,,,,,,,,,,,,,,,,,,,,,,,,,,,,,,,,,,,,,,,,,,,,,,,,,,,,,,,,,,,,,,,,,
,,,,,,,,,,,,,,,,,,,,,,,,,,,,,,,,,,,,,,,,,,,,,,,,,,,,,,,,,,,,,,,,,,,,,,,,,,,,,,,,,,,,,,,,,,,,,,,,,,,,,,,,,,,
,,,,,,,,,,,,,,,,,,,,,,,,,,,,,,,,,,,,,,,,,,,,,,,,,,,,,,,,,,,,,,,,,,,,,,,,,,,,,,,,,,,,,,,,,,,,,,,,,,,,,,,,,,,
,,,,,,,,,,,,,,,,,,,,,,,,,,,,,,,,,,,,,,,,,,,,,,,,,,,,,,,,,,,,,,,,,,,,,,,,,,,,,,,,,,,,,,,,,,,,,,,,,,,,,,,,,,,
,,,,,,,,,,,,,,,,,,,,,,,,,,,,,,,,,,,,,,,,,,,,,,,,,,,,,,,,,,,,,,,,,,,,,,,,,,,,,,,,,,,,,,,,,,,,,,,,,,,,,,,,,,,
,,,,,,,,,,,,,,,,,,,,,,,,,,,,,,,,,,,,,,,,,,,,,,,,,,,,,,,,,,,,,,,,,,,,,,,,,,,,,,,,,,,,,,,,,,,,,,,,,,,,,,,,,,,
,,,,,,,,,,,,,,,,,,,,,,,,,,,,,,,,,,,,,,,,,,,,,,,,,,,,,,,,,,,,,,,,,,,,,,,,,,,,,,,,,,,,,,,,,,,,,,,,,,,,,,,,,,,
,,,,,,,,,,,,,,,,,,,,,,,,,,,,,,,,,,,,,,,,,,,,,,,,,,,,,,,,,,,,,,,,,,,,,,,,,,,,,,,,,,,,,,,,,,,,,,,,,,,,,,,,,,,
,,,,,,,,,,,,,,,,,,,,,,,,,,,,,,,,,,,,,,,,,,,,,,,,,,,,,,,,,,,,,,,,,,,,,,,,,,,,,,,,,,,,,,,,,,,,,,,,,,,,,,,,,,,
,,,,,,,,,,,,,,,,,,,,,,,,,,,,,,,,,,,,,,,,,,,,,,,,,,,,,,,,,,,,,,,,,,,,,,,,,,,,,,,,,,,,,,,,,,,,,,,,,,,,,,,,,,,
,,,,,,,,,,,,,,,,,,,,,,,,,,,,,,,,,,,,,,,,,,,,,,,,,,,,,,,,,,,,,,,,,,,,,,,,,,,,,,,,,,,,,,,,,,,,,,,,,,,,,,,,,,,
,,,,,,,,,,,,,,,,,,,,,,,,,,,,,,,,,,,,,,,,,,,,,,,,,,,,,,,,,,,,,,,,,,,,,,,,,,,,,,,,,,,,,,,,,,,,,,,,,,,,,,,,,,,
,,,,,,,,,,,,,,,,,,,,,,,,,,,,,,,,,,,,,,,,,,,,,,,,,,,,,,,,,,,,,,,,,,,,,,,,,,,,,,,,,,,,,,,,,,,,,,,,,,,,,,,,,,,
,,,,,,,,,,,,,,,,,,,,,,,,,,,,,,,,,,,,,,,,,,,,,,,,,,,,,,,,,,,,,,,,,,,,,,,,,,,,,,,,,,,,,,,,,,,,,,,,,,,,,,,,,,,
,,,,,,,,,,,,,,,,,,,,,,,,,,,,,,,,,,,,,,,,,,,,,,,,,,,,,,,,,,,,,,,,,,,,,,,,,,,,,,,,,,,,,,,,,,,,,,,,,,,,,,,,,,,
,,,,,,,,,,,,,,,,,,,,,,,,,,,,,,,,,,,,,,,,,,,,,,,,,,,,,,,,,,,,,,,,,,,,,,,,,,,,,,,,,,,,,,,,,,,,,,,,,,,,,,,,,,,
,,,,,,,,,,,,,,,,,,,,,,,,,,,,,,,,,,,,,,,,,,,,,,,,,,,,,,,,,,,,,,,,,,,,,,,,,,,,,,,,,,,,,,,,,,,,,,,,,,,,,,,,,,,
,,,,,,,,,,,,,,,,,,,,,,,,,,,,,,,,,,,,,,,,,,,,,,,,,,,,,,,,,,,,,,,,,,,,,,,,,,,,,,,,,,,,,,,,,,,,,,,,,,,,,,,,,,,
,,,,,,,,,,,,,,,,,,,,,,,,,,,,,,,,,,,,,,,,,,,,,,,,,,,,,,,,,,,,,,,,,,,,,,,,,,,,,,,,,,,,,,,,,,,,,,,,,,,,,,,,,,,
,,,,,,,,,,,,,,,,,,,,,,,,,,,,,,,,,,,,,,,,,,,,,,,,,,,,,,,,,,,,,,,,,,,,,,,,,,,,,,,,,,,,,,,,,,,,,,,,,,,,,,,,,,,
,,,,,,,,,,,,,,,,,,,,,,,,,,,,,,,,,,,,,,,,,,,,,,,,,,,,,,,,,,,,,,,,,,,,,,,,,,,,,,,,,,,,,,,,,,,,,,,,,,,,,,,,,,,
,,,,,,,,,,,,,,,,,,,,,,,,,,,,,,,,,,,,,,,,,,,,,,,,,,,,,,,,,,,,,,,,,,,,,,,,,,,,,,,,,,,,,,,,,,,,,,,,,,,,,,,,,,,
,,,,,,,,,,,,,,,,,,,,,,,,,,,,,,,,,,,,,,,,,,,,,,,,,,,,,,,,,,,,,,,,,,,,,,,,,,,,,,,,,,,,,,,,,,,,,,,,,,,,,,,,,,,
,,,,,,,,,,,,,,,,,,,,,,,,,,,,,,,,,,,,,,,,,,,,,,,,,,,,,,,,,,,,,,,,,,,,,,,,,,,,,,,,,,,,,,,,,,,,,,,,,,,,,,,,,,,
,,,,,,,,,,,,,,,,,,,,,,,,,,,,,,,,,,,,,,,,,,,,,,,,,,,,,,,,,,,,,,,,,,,,,,,,,,,,,,,,,,,,,,,,,,,,,,,,,,,,,,,,,,,
,,,,,,,,,,,,,,,,,,,,,,,,,,,,,,,,,,,,,,,,,,,,,,,,,,,,,,,,,,,,,,,,,,,,,,,,,,,,,,,,,,,,,,,,,,,,,,,,,,,,,,,,,,,
,,,,,,,,,,,,,,,,,,,,,,,,,,,,,,,,,,,,,,,,,,,,,,,,,,,,,,,,,,,,,,,,,,,,,,,,,,,,,,,,,,,,,,,,,,,,,,,,,,,,,,,,,,,
,,,,,,,,,,,,,,,,,,,,,,,,,,,,,,,,,,,,,,,,,,,,,,,,,,,,,,,,,,,,,,,,,,,,,,,,,,,,,,,,,,,,,,,,,,,,,,,,,,,,,,,,,,,
,,,,,,,,,,,,,,,,,,,,,,,,,,,,,,,,,,,,,,,,,,,,,,,,,,,,,,,,,,,,,,,,,,,,,,,,,,,,,,,,,,,,,,,,,,,,,,,,,,,,,,,,,,,
,,,,,,,,,,,,,,,,,,,,,,,,,,,,,,,,,,,,,,,,,,,,,,,,,,,,,,,,,,,,,,,,,,,,,,,,,,,,,,,,,,,,,,,,,,,,,,,,,,,,,,,,,,,
,,,,,,,,,,,,,,,,,,,,,,,,,,,,,,,,,,,,,,,,,,,,,,,,,,,,,,,,,,,,,,,,,,,,,,,,,,,,,,,,,,,,,,,,,,,,,,,,,,,,,,,,,,,
,,,,,,,,,,,,,,,,,,,,,,,,,,,,,,,,,,,,,,,,,,,,,,,,,,,,,,,,,,,,,,,,,,,,,,,,,,,,,,,,,,,,,,,,,,,,,,,,,,,,,,,,,,,
,,,,,,,,,,,,,,,,,,,,,,,,,,,,,,,,,,,,,,,,,,,,,,,,,,,,,,,,,,,,,,,,,,,,,,,,,,,,,,,,,,,,,,,,,,,,,,,,,,,,,,,,,,,
,,,,,,,,,,,,,,,,,,,,,,,,,,,,,,,,,,,,,,,,,,,,,,,,,,,,,,,,,,,,,,,,,,,,,,,,,,,,,,,,,,,,,,,,,,,,,,,,,,,,,,,,,,,
,,,,,,,,,,,,,,,,,,,,,,,,,,,,,,,,,,,,,,,,,,,,,,,,,,,,,,,,,,,,,,,,,,,,,,,,,,,,,,,,,,,,,,,,,,,,,,,,,,,,,,,,,,,
,,,,,,,,,,,,,,,,,,,,,,,,,,,,,,,,,,,,,,,,,,,,,,,,,,,,,,,,,,,,,,,,,,,,,,,,,,,,,,,,,,,,,,,,,,,,,,,,,,,,,,,,,,,
,,,,,,,,,,,,,,,,,,,,,,,,,,,,,,,,,,,,,,,,,,,,,,,,,,,,,,,,,,,,,,,,,,,,,,,,,,,,,,,,,,,,,,,,,,,,,,,,,,,,,,,,,,,
,,,,,,,,,,,,,,,,,,,,,,,,,,,,,,,,,,,,,,,,,,,,,,,,,,,,,,,,,,,,,,,,,,,,,,,,,,,,,,,,,,,,,,,,,,,,,,,,,,,,,,,,,,,
,,,,,,,,,,,,,,,,,,,,,,,,,,,,,,,,,,,,,,,,,,,,,,,,,,,,,,,,,,,,,,,,,,,,,,,,,,,,,,,,,,,,,,,,,,,,,,,,,,,,,,,,,,,
,,,,,,,,,,,,,,,,,,,,,,,,,,,,,,,,,,,,,,,,,,,,,,,,,,,,,,,,,,,,,,,,,,,,,,,,,,,,,,,,,,,,,,,,,,,,,,,,,,,,,,,,,,,
,,,,,,,,,,,,,,,,,,,,,,,,,,,,,,,,,,,,,,,,,,,,,,,,,,,,,,,,,,,,,,,,,,,,,,,,,,,,,,,,,,,,,,,,,,,,,,,,,,,,,,,,,,,
,,,,,,,,,,,,,,,,,,,,,,,,,,,,,,,,,,,,,,,,,,,,,,,,,,,,,,,,,,,,,,,,,,,,,,,,,,,,,,,,,,,,,,,,,,,,,,,,,,,,,,,,,,,
,,,,,,,,,,,,,,,,,,,,,,,,,,,,,,,,,,,,,,,,,,,,,,,,,,,,,,,,,,,,,,,,,,,,,,,,,,,,,,,,,,,,,,,,,,,,,,,,,,,,,,,,,,,
,,,,,,,,,,,,,,,,,,,,,,,,,,,,,,,,,,,,,,,,,,,,,,,,,,,,,,,,,,,,,,,,,,,,,,,,,,,,,,,,,,,,,,,,,,,,,,,,,,,,,,,,,,,
,,,,,,,,,,,,,,,,,,,,,,,,,,,,,,,,,,,,,,,,,,,,,,,,,,,,,,,,,,,,,,,,,,,,,,,,,,,,,,,,,,,,,,,,,,,,,,,,,,,,,,,,,,,
,,,,,,,,,,,,,,,,,,,,,,,,,,,,,,,,,,,,,,,,,,,,,,,,,,,,,,,,,,,,,,,,,,,,,,,,,,,,,,,,,,,,,,,,,,,,,,,,,,,,,,,,,,,
,,,,,,,,,,,,,,,,,,,,,,,,,,,,,,,,,,,,,,,,,,,,,,,,,,,,,,,,,,,,,,,,,,,,,,,,,,,,,,,,,,,,,,,,,,,,,,,,,,,,,,,,,,,
,,,,,,,,,,,,,,,,,,,,,,,,,,,,,,,,,,,,,,,,,,,,,,,,,,,,,,,,,,,,,,,,,,,,,,,,,,,,,,,,,,,,,,,,,,,,,,,,,,,,,,,,,,,
,,,,,,,,,,,,,,,,,,,,,,,,,,,,,,,,,,,,,,,,,,,,,,,,,,,,,,,,,,,,,,,,,,,,,,,,,,,,,,,,,,,,,,,,,,,,,,,,,,,,,,,,,,,
,,,,,,,,,,,,,,,,,,,,,,,,,,,,,,,,,,,,,,,,,,,,,,,,,,,,,,,,,,,,,,,,,,,,,,,,,,,,,,,,,,,,,,,,,,,,,,,,,,,,,,,,,,,
,,,,,,,,,,,,,,,,,,,,,,,,,,,,,,,,,,,,,,,,,,,,,,,,,,,,,,,,,,,,,,,,,,,,,,,,,,,,,,,,,,,,,,,,,,,,,,,,,,,,,,,,,,,
,,,,,,,,,,,,,,,,,,,,,,,,,,,,,,,,,,,,,,,,,,,,,,,,,,,,,,,,,,,,,,,,,,,,,,,,,,,,,,,,,,,,,,,,,,,,,,,,,,,,,,,,,,,
,,,,,,,,,,,,,,,,,,,,,,,,,,,,,,,,,,,,,,,,,,,,,,,,,,,,,,,,,,,,,,,,,,,,,,,,,,,,,,,,,,,,,,,,,,,,,,,,,,,,,,,,,,,
,,,,,,,,,,,,,,,,,,,,,,,,,,,,,,,,,,,,,,,,,,,,,,,,,,,,,,,,,,,,,,,,,,,,,,,,,,,,,,,,,,,,,,,,,,,,,,,,,,,,,,,,,,,
,,,,,,,,,,,,,,,,,,,,,,,,,,,,,,,,,,,,,,,,,,,,,,,,,,,,,,,,,,,,,,,,,,,,,,,,,,,,,,,,,,,,,,,,,,,,,,,,,,,,,,,,,,,
,,,,,,,,,,,,,,,,,,,,,,,,,,,,,,,,,,,,,,,,,,,,,,,,,,,,,,,,,,,,,,,,,,,,,,,,,,,,,,,,,,,,,,,,,,,,,,,,,,,,,,,,,,,
,,,,,,,,,,,,,,,,,,,,,,,,,,,,,,,,,,,,,,,,,,,,,,,,,,,,,,,,,,,,,,,,,,,,,,,,,,,,,,,,,,,,,,,,,,,,,,,,,,,,,,,,,,,
,,,,,,,,,,,,,,,,,,,,,,,,,,,,,,,,,,,,,,,,,,,,,,,,,,,,,,,,,,,,,,,,,,,,,,,,,,,,,,,,,,,,,,,,,,,,,,,,,,,,,,,,,,,
,,,,,,,,,,,,,,,,,,,,,,,,,,,,,,,,,,,,,,,,,,,,,,,,,,,,,,,,,,,,,,,,,,,,,,,,,,,,,,,,,,,,,,,,,,,,,,,,,,,,,,,,,,,
,,,,,,,,,,,,,,,,,,,,,,,,,,,,,,,,,,,,,,,,,,,,,,,,,,,,,,,,,,,,,,,,,,,,,,,,,,,,,,,,,,,,,,,,,,,,,,,,,,,,,,,,,,,
,,,,,,,,,,,,,,,,,,,,,,,,,,,,,,,,,,,,,,,,,,,,,,,,,,,,,,,,,,,,,,,,,,,,,,,,,,,,,,,,,,,,,,,,,,,,,,,,,,,,,,,,,,,
,,,,,,,,,,,,,,,,,,,,,,,,,,,,,,,,,,,,,,,,,,,,,,,,,,,,,,,,,,,,,,,,,,,,,,,,,,,,,,,,,,,,,,,,,,,,,,,,,,,,,,,,,,,
,,,,,,,,,,,,,,,,,,,,,,,,,,,,,,,,,,,,,,,,,,,,,,,,,,,,,,,,,,,,,,,,,,,,,,,,,,,,,,,,,,,,,,,,,,,,,,,,,,,,,,,,,,,
,,,,,,,,,,,,,,,,,,,,,,,,,,,,,,,,,,,,,,,,,,,,,,,,,,,,,,,,,,,,,,,,,,,,,,,,,,,,,,,,,,,,,,,,,,,,,,,,,,,,,,,,,,,
,,,,,,,,,,,,,,,,,,,,,,,,,,,,,,,,,,,,,,,,,,,,,,,,,,,,,,,,,,,,,,,,,,,,,,,,,,,,,,,,,,,,,,,,,,,,,,,,,,,,,,,,,,,
,,,,,,,,,,,,,,,,,,,,,,,,,,,,,,,,,,,,,,,,,,,,,,,,,,,,,,,,,,,,,,,,,,,,,,,,,,,,,,,,,,,,,,,,,,,,,,,,,,,,,,,,,,,
,,,,,,,,,,,,,,,,,,,,,,,,,,,,,,,,,,,,,,,,,,,,,,,,,,,,,,,,,,,,,,,,,,,,,,,,,,,,,,,,,,,,,,,,,,,,,,,,,,,,,,,,,,,
,,,,,,,,,,,,,,,,,,,,,,,,,,,,,,,,,,,,,,,,,,,,,,,,,,,,,,,,,,,,,,,,,,,,,,,,,,,,,,,,,,,,,,,,,,,,,,,,,,,,,,,,,,,
,,,,,,,,,,,,,,,,,,,,,,,,,,,,,,,,,,,,,,,,,,,,,,,,,,,,,,,,,,,,,,,,,,,,,,,,,,,,,,,,,,,,,,,,,,,,,,,,,,,,,,,,,,,
,,,,,,,,,,,,,,,,,,,,,,,,,,,,,,,,,,,,,,,,,,,,,,,,,,,,,,,,,,,,,,,,,,,,,,,,,,,,,,,,,,,,,,,,,,,,,,,,,,,,,,,,,,,
,,,,,,,,,,,,,,,,,,,,,,,,,,,,,,,,,,,,,,,,,,,,,,,,,,,,,,,,,,,,,,,,,,,,,,,,,,,,,,,,,,,,,,,,,,,,,,,,,,,,,,,,,,,
,,,,,,,,,,,,,,,,,,,,,,,,,,,,,,,,,,,,,,,,,,,,,,,,,,,,,,,,,,,,,,,,,,,,,,,,,,,,,,,,,,,,,,,,,,,,,,,,,,,,,,,,,,,
,,,,,,,,,,,,,,,,,,,,,,,,,,,,,,,,,,,,,,,,,,,,,,,,,,,,,,,,,,,,,,,,,,,,,,,,,,,,,,,,,,,,,,,,,,,,,,,,,,,,,,,,,,,
,,,,,,,,,,,,,,,,,,,,,,,,,,,,,,,,,,,,,,,,,,,,,,,,,,,,,,,,,,,,,,,,,,,,,,,,,,,,,,,,,,,,,,,,,,,,,,,,,,,,,,,,,,,
,,,,,,,,,,,,,,,,,,,,,,,,,,,,,,,,,,,,,,,,,,,,,,,,,,,,,,,,,,,,,,,,,,,,,,,,,,,,,,,,,,,,,,,,,,,,,,,,,,,,,,,,,,,
,,,,,,,,,,,,,,,,,,,,,,,,,,,,,,,,,,,,,,,,,,,,,,,,,,,,,,,,,,,,,,,,,,,,,,,,,,,,,,,,,,,,,,,,,,,,,,,,,,,,,,,,,,,
,,,,,,,,,,,,,,,,,,,,,,,,,,,,,,,,,,,,,,,,,,,,,,,,,,,,,,,,,,,,,,,,,,,,,,,,,,,,,,,,,,,,,,,,,,,,,,,,,,,,,,,,,,,
,,,,,,,,,,,,,,,,,,,,,,,,,,,,,,,,,,,,,,,,,,,,,,,,,,,,,,,,,,,,,,,,,,,,,,,,,,,,,,,,,,,,,,,,,,,,,,,,,,,,,,,,,,,
,,,,,,,,,,,,,,,,,,,,,,,,,,,,,,,,,,,,,,,,,,,,,,,,,,,,,,,,,,,,,,,,,,,,,,,,,,,,,,,,,,,,,,,,,,,,,,,,,,,,,,,,,,,
,,,,,,,,,,,,,,,,,,,,,,,,,,,,,,,,,,,,,,,,,,,,,,,,,,,,,,,,,,,,,,,,,,,,,,,,,,,,,,,,,,,,,,,,,,,,,,,,,,,,,,,,,,,
,,,,,,,,,,,,,,,,,,,,,,,,,,,,,,,,,,,,,,,,,,,,,,,,,,,,,,,,,,,,,,,,,,,,,,,,,,,,,,,,,,,,,,,,,,,,,,,,,,,,,,,,,,,
,,,,,,,,,,,,,,,,,,,,,,,,,,,,,,,,,,,,,,,,,,,,,,,,,,,,,,,,,,,,,,,,,,,,,,,,,,,,,,,,,,,,,,,,,,,,,,,,,,,,,,,,,,,
,,,,,,,,,,,,,,,,,,,,,,,,,,,,,,,,,,,,,,,,,,,,,,,,,,,,,,,,,,,,,,,,,,,,,,,,,,,,,,,,,,,,,,,,,,,,,,,,,,,,,,,,,,,
,,,,,,,,,,,,,,,,,,,,,,,,,,,,,,,,,,,,,,,,,,,,,,,,,,,,,,,,,,,,,,,,,,,,,,,,,,,,,,,,,,,,,,,,,,,,,,,,,,,,,,,,,,,
,,,,,,,,,,,,,,,,,,,,,,,,,,,,,,,,,,,,,,,,,,,,,,,,,,,,,,,,,,,,,,,,,,,,,,,,,,,,,,,,,,,,,,,,,,,,,,,,,,,,,,,,,,,
,,,,,,,,,,,,,,,,,,,,,,,,,,,,,,,,,,,,,,,,,,,,,,,,,,,,,,,,,,,,,,,,,,,,,,,,,,,,,,,,,,,,,,,,,,,,,,,,,,,,,,,,,,,
,,,,,,,,,,,,,,,,,,,,,,,,,,,,,,,,,,,,,,,,,,,,,,,,,,,,,,,,,,,,,,,,,,,,,,,,,,,,,,,,,,,,,,,,,,,,,,,,,,,,,,,,,,,
,,,,,,,,,,,,,,,,,,,,,,,,,,,,,,,,,,,,,,,,,,,,,,,,,,,,,,,,,,,,,,,,,,,,,,,,,,,,,,,,,,,,,,,,,,,,,,,,,,,,,,,,,,,
,,,,,,,,,,,,,,,,,,,,,,,,,,,,,,,,,,,,,,,,,,,,,,,,,,,,,,,,,,,,,,,,,,,,,,,,,,,,,,,,,,,,,,,,,,,,,,,,,,,,,,,,,,,
,,,,,,,,,,,,,,,,,,,,,,,,,,,,,,,,,,,,,,,,,,,,,,,,,,,,,,,,,,,,,,,,,,,,,,,,,,,,,,,,,,,,,,,,,,,,,,,,,,,,,,,,,,,
,,,,,,,,,,,,,,,,,,,,,,,,,,,,,,,,,,,,,,,,,,,,,,,,,,,,,,,,,,,,,,,,,,,,,,,,,,,,,,,,,,,,,,,,,,,,,,,,,,,,,,,,,,,
,,,,,,,,,,,,,,,,,,,,,,,,,,,,,,,,,,,,,,,,,,,,,,,,,,,,,,,,,,,,,,,,,,,,,,,,,,,,,,,,,,,,,,,,,,,,,,,,,,,,,,,,,,,
,,,,,,,,,,,,,,,,,,,,,,,,,,,,,,,,,,,,,,,,,,,,,,,,,,,,,,,,,,,,,,,,,,,,,,,,,,,,,,,,,,,,,,,,,,,,,,,,,,,,,,,,,,,
,,,,,,,,,,,,,,,,,,,,,,,,,,,,,,,,,,,,,,,,,,,,,,,,,,,,,,,,,,,,,,,,,,,,,,,,,,,,,,,,,,,,,,,,,,,,,,,,,,,,,,,,,,,
,,,,,,,,,,,,,,,,,,,,,,,,,,,,,,,,,,,,,,,,,,,,,,,,,,,,,,,,,,,,,,,,,,,,,,,,,,,,,,,,,,,,,,,,,,,,,,,,,,,,,,,,,,,
,,,,,,,,,,,,,,,,,,,,,,,,,,,,,,,,,,,,,,,,,,,,,,,,,,,,,,,,,,,,,,,,,,,,,,,,,,,,,,,,,,,,,,,,,,,,,,,,,,,,,,,,,,,
,,,,,,,,,,,,,,,,,,,,,,,,,,,,,,,,,,,,,,,,,,,,,,,,,,,,,,,,,,,,,,,,,,,,,,,,,,,,,,,,,,,,,,,,,,,,,,,,,,,,,,,,,,,
,,,,,,,,,,,,,,,,,,,,,,,,,,,,,,,,,,,,,,,,,,,,,,,,,,,,,,,,,,,,,,,,,,,,,,,,,,,,,,,,,,,,,,,,,,,,,,,,,,,,,,,,,,,
,,,,,,,,,,,,,,,,,,,,,,,,,,,,,,,,,,,,,,,,,,,,,,,,,,,,,,,,,,,,,,,,,,,,,,,,,,,,,,,,,,,,,,,,,,,,,,,,,,,,,,,,,,,
,,,,,,,,,,,,,,,,,,,,,,,,,,,,,,,,,,,,,,,,,,,,,,,,,,,,,,,,,,,,,,,,,,,,,,,,,,,,,,,,,,,,,,,,,,,,,,,,,,,,,,,,,,,
,,,,,,,,,,,,,,,,,,,,,,,,,,,,,,,,,,,,,,,,,,,,,,,,,,,,,,,,,,,,,,,,,,,,,,,,,,,,,,,,,,,,,,,,,,,,,,,,,,,,,,,,,,,
,,,,,,,,,,,,,,,,,,,,,,,,,,,,,,,,,,,,,,,,,,,,,,,,,,,,,,,,,,,,,,,,,,,,,,,,,,,,,,,,,,,,,,,,,,,,,,,,,,,,,,,,,,,
,,,,,,,,,,,,,,,,,,,,,,,,,,,,,,,,,,,,,,,,,,,,,,,,,,,,,,,,,,,,,,,,,,,,,,,,,,,,,,,,,,,,,,,,,,,,,,,,,,,,,,,,,,,
,,,,,,,,,,,,,,,,,,,,,,,,,,,,,,,,,,,,,,,,,,,,,,,,,,,,,,,,,,,,,,,,,,,,,,,,,,,,,,,,,,,,,,,,,,,,,,,,,,,,,,,,,,,
,,,,,,,,,,,,,,,,,,,,,,,,,,,,,,,,,,,,,,,,,,,,,,,,,,,,,,,,,,,,,,,,,,,,,,,,,,,,,,,,,,,,,,,,,,,,,,,,,,,,,,,,,,,
,,,,,,,,,,,,,,,,,,,,,,,,,,,,,,,,,,,,,,,,,,,,,,,,,,,,,,,,,,,,,,,,,,,,,,,,,,,,,,,,,,,,,,,,,,,,,,,,,,,,,,,,,,,
,,,,,,,,,,,,,,,,,,,,,,,,,,,,,,,,,,,,,,,,,,,,,,,,,,,,,,,,,,,,,,,,,,,,,,,,,,,,,,,,,,,,,,,,,,,,,,,,,,,,,,,,,,,
,,,,,,,,,,,,,,,,,,,,,,,,,,,,,,,,,,,,,,,,,,,,,,,,,,,,,,,,,,,,,,,,,,,,,,,,,,,,,,,,,,,,,,,,,,,,,,,,,,,,,,,,,,,
,,,,,,,,,,,,,,,,,,,,,,,,,,,,,,,,,,,,,,,,,,,,,,,,,,,,,,,,,,,,,,,,,,,,,,,,,,,,,,,,,,,,,,,,,,,,,,,,,,,,,,,,,,,
,,,,,,,,,,,,,,,,,,,,,,,,,,,,,,,,,,,,,,,,,,,,,,,,,,,,,,,,,,,,,,,,,,,,,,,,,,,,,,,,,,,,,,,,,,,,,,,,,,,,,,,,,,,
,,,,,,,,,,,,,,,,,,,,,,,,,,,,,,,,,,,,,,,,,,,,,,,,,,,,,,,,,,,,,,,,,,,,,,,,,,,,,,,,,,,,,,,,,,,,,,,,,,,,,,,,,,,
,,,,,,,,,,,,,,,,,,,,,,,,,,,,,,,,,,,,,,,,,,,,,,,,,,,,,,,,,,,,,,,,,,,,,,,,,,,,,,,,,,,,,,,,,,,,,,,,,,,,,,,,,,,
,,,,,,,,,,,,,,,,,,,,,,,,,,,,,,,,,,,,,,,,,,,,,,,,,,,,,,,,,,,,,,,,,,,,,,,,,,,,,,,,,,,,,,,,,,,,,,,,,,,,,,,,,,,
,,,,,,,,,,,,,,,,,,,,,,,,,,,,,,,,,,,,,,,,,,,,,,,,,,,,,,,,,,,,,,,,,,,,,,,,,,,,,,,,,,,,,,,,,,,,,,,,,,,,,,,,,,,
,,,,,,,,,,,,,,,,,,,,,,,,,,,,,,,,,,,,,,,,,,,,,,,,,,,,,,,,,,,,,,,,,,,,,,,,,,,,,,,,,,,,,,,,,,,,,,,,,,,,,,,,,,,
,,,,,,,,,,,,,,,,,,,,,,,,,,,,,,,,,,,,,,,,,,,,,,,,,,,,,,,,,,,,,,,,,,,,,,,,,,,,,,,,,,,,,,,,,,,,,,,,,,,,,,,,,,,
,,,,,,,,,,,,,,,,,,,,,,,,,,,,,,,,,,,,,,,,,,,,,,,,,,,,,,,,,,,,,,,,,,,,,,,,,,,,,,,,,,,,,,,,,,,,,,,,,,,,,,,,,,,
,,,,,,,,,,,,,,,,,,,,,,,,,,,,,,,,,,,,,,,,,,,,,,,,,,,,,,,,,,,,,,,,,,,,,,,,,,,,,,,,,,,,,,,,,,,,,,,,,,,,,,,,,,,
,,,,,,,,,,,,,,,,,,,,,,,,,,,,,,,,,,,,,,,,,,,,,,,,,,,,,,,,,,,,,,,,,,,,,,,,,,,,,,,,,,,,,,,,,,,,,,,,,,,,,,,,,,,
,,,,,,,,,,,,,,,,,,,,,,,,,,,,,,,,,,,,,,,,,,,,,,,,,,,,,,,,,,,,,,,,,,,,,,,,,,,,,,,,,,,,,,,,,,,,,,,,,,,,,,,,,,,
,,,,,,,,,,,,,,,,,,,,,,,,,,,,,,,,,,,,,,,,,,,,,,,,,,,,,,,,,,,,,,,,,,,,,,,,,,,,,,,,,,,,,,,,,,,,,,,,,,,,,,,,,,,
,,,,,,,,,,,,,,,,,,,,,,,,,,,,,,,,,,,,,,,,,,,,,,,,,,,,,,,,,,,,,,,,,,,,,,,,,,,,,,,,,,,,,,,,,,,,,,,,,,,,,,,,,,,
,,,,,,,,,,,,,,,,,,,,,,,,,,,,,,,,,,,,,,,,,,,,,,,,,,,,,,,,,,,,,,,,,,,,,,,,,,,,,,,,,,,,,,,,,,,,,,,,,,,,,,,,,,,
,,,,,,,,,,,,,,,,,,,,,,,,,,,,,,,,,,,,,,,,,,,,,,,,,,,,,,,,,,,,,,,,,,,,,,,,,,,,,,,,,,,,,,,,,,,,,,,,,,,,,,,,,,,
,,,,,,,,,,,,,,,,,,,,,,,,,,,,,,,,,,,,,,,,,,,,,,,,,,,,,,,,,,,,,,,,,,,,,,,,,,,,,,,,,,,,,,,,,,,,,,,,,,,,,,,,,,,
,,,,,,,,,,,,,,,,,,,,,,,,,,,,,,,,,,,,,,,,,,,,,,,,,,,,,,,,,,,,,,,,,,,,,,,,,,,,,,,,,,,,,,,,,,,,,,,,,,,,,,,,,,,
,,,,,,,,,,,,,,,,,,,,,,,,,,,,,,,,,,,,,,,,,,,,,,,,,,,,,,,,,,,,,,,,,,,,,,,,,,,,,,,,,,,,,,,,,,,,,,,,,,,,,,,,,,,
,,,,,,,,,,,,,,,,,,,,,,,,,,,,,,,,,,,,,,,,,,,,,,,,,,,,,,,,,,,,,,,,,,,,,,,,,,,,,,,,,,,,,,,,,,,,,,,,,,,,,,,,,,,
,,,,,,,,,,,,,,,,,,,,,,,,,,,,,,,,,,,,,,,,,,,,,,,,,,,,,,,,,,,,,,,,,,,,,,,,,,,,,,,,,,,,,,,,,,,,,,,,,,,,,,,,,,,
,,,,,,,,,,,,,,,,,,,,,,,,,,,,,,,,,,,,,,,,,,,,,,,,,,,,,,,,,,,,,,,,,,,,,,,,,,,,,,,,,,,,,,,,,,,,,,,,,,,,,,,,,,,
,,,,,,,,,,,,,,,,,,,,,,,,,,,,,,,,,,,,,,,,,,,,,,,,,,,,,,,,,,,,,,,,,,,,,,,,,,,,,,,,,,,,,,,,,,,,,,,,,,,,,,,,,,,
,,,,,,,,,,,,,,,,,,,,,,,,,,,,,,,,,,,,,,,,,,,,,,,,,,,,,,,,,,,,,,,,,,,,,,,,,,,,,,,,,,,,,,,,,,,,,,,,,,,,,,,,,,,
,,,,,,,,,,,,,,,,,,,,,,,,,,,,,,,,,,,,,,,,,,,,,,,,,,,,,,,,,,,,,,,,,,,,,,,,,,,,,,,,,,,,,,,,,,,,,,,,,,,,,,,,,,,
,,,,,,,,,,,,,,,,,,,,,,,,,,,,,,,,,,,,,,,,,,,,,,,,,,,,,,,,,,,,,,,,,,,,,,,,,,,,,,,,,,,,,,,,,,,,,,,,,,,,,,,,,,,
,,,,,,,,,,,,,,,,,,,,,,,,,,,,,,,,,,,,,,,,,,,,,,,,,,,,,,,,,,,,,,,,,,,,,,,,,,,,,,,,,,,,,,,,,,,,,,,,,,,,,,,,,,,
,,,,,,,,,,,,,,,,,,,,,,,,,,,,,,,,,,,,,,,,,,,,,,,,,,,,,,,,,,,,,,,,,,,,,,,,,,,,,,,,,,,,,,,,,,,,,,,,,,,,,,,,,,,
,,,,,,,,,,,,,,,,,,,,,,,,,,,,,,,,,,,,,,,,,,,,,,,,,,,,,,,,,,,,,,,,,,,,,,,,,,,,,,,,,,,,,,,,,,,,,,,,,,,,,,,,,,,
,,,,,,,,,,,,,,,,,,,,,,,,,,,,,,,,,,,,,,,,,,,,,,,,,,,,,,,,,,,,,,,,,,,,,,,,,,,,,,,,,,,,,,,,,,,,,,,,,,,,,,,,,,,
,,,,,,,,,,,,,,,,,,,,,,,,,,,,,,,,,,,,,,,,,,,,,,,,,,,,,,,,,,,,,,,,,,,,,,,,,,,,,,,,,,,,,,,,,,,,,,,,,,,,,,,,,,,
,,,,,,,,,,,,,,,,,,,,,,,,,,,,,,,,,,,,,,,,,,,,,,,,,,,,,,,,,,,,,,,,,,,,,,,,,,,,,,,,,,,,,,,,,,,,,,,,,,,,,,,,,,,
,,,,,,,,,,,,,,,,,,,,,,,,,,,,,,,,,,,,,,,,,,,,,,,,,,,,,,,,,,,,,,,,,,,,,,,,,,,,,,,,,,,,,,,,,,,,,,,,,,,,,,,,,,,
,,,,,,,,,,,,,,,,,,,,,,,,,,,,,,,,,,,,,,,,,,,,,,,,,,,,,,,,,,,,,,,,,,,,,,,,,,,,,,,,,,,,,,,,,,,,,,,,,,,,,,,,,,,
,,,,,,,,,,,,,,,,,,,,,,,,,,,,,,,,,,,,,,,,,,,,,,,,,,,,,,,,,,,,,,,,,,,,,,,,,,,,,,,,,,,,,,,,,,,,,,,,,,,,,,,,,,,
,,,,,,,,,,,,,,,,,,,,,,,,,,,,,,,,,,,,,,,,,,,,,,,,,,,,,,,,,,,,,,,,,,,,,,,,,,,,,,,,,,,,,,,,,,,,,,,,,,,,,,,,,,,
,,,,,,,,,,,,,,,,,,,,,,,,,,,,,,,,,,,,,,,,,,,,,,,,,,,,,,,,,,,,,,,,,,,,,,,,,,,,,,,,,,,,,,,,,,,,,,,,,,,,,,,,,,,
,,,,,,,,,,,,,,,,,,,,,,,,,,,,,,,,,,,,,,,,,,,,,,,,,,,,,,,,,,,,,,,,,,,,,,,,,,,,,,,,,,,,,,,,,,,,,,,,,,,,,,,,,,,
,,,,,,,,,,,,,,,,,,,,,,,,,,,,,,,,,,,,,,,,,,,,,,,,,,,,,,,,,,,,,,,,,,,,,,,,,,,,,,,,,,,,,,,,,,,,,,,,,,,,,,,,,,,
,,,,,,,,,,,,,,,,,,,,,,,,,,,,,,,,,,,,,,,,,,,,,,,,,,,,,,,,,,,,,,,,,,,,,,,,,,,,,,,,,,,,,,,,,,,,,,,,,,,,,,,,,,,
,,,,,,,,,,,,,,,,,,,,,,,,,,,,,,,,,,,,,,,,,,,,,,,,,,,,,,,,,,,,,,,,,,,,,,,,,,,,,,,,,,,,,,,,,,,,,,,,,,,,,,,,,,,
,,,,,,,,,,,,,,,,,,,,,,,,,,,,,,,,,,,,,,,,,,,,,,,,,,,,,,,,,,,,,,,,,,,,,,,,,,,,,,,,,,,,,,,,,,,,,,,,,,,,,,,,,,,
,,,,,,,,,,,,,,,,,,,,,,,,,,,,,,,,,,,,,,,,,,,,,,,,,,,,,,,,,,,,,,,,,,,,,,,,,,,,,,,,,,,,,,,,,,,,,,,,,,,,,,,,,,,
,,,,,,,,,,,,,,,,,,,,,,,,,,,,,,,,,,,,,,,,,,,,,,,,,,,,,,,,,,,,,,,,,,,,,,,,,,,,,,,,,,,,,,,,,,,,,,,,,,,,,,,,,,,
,,,,,,,,,,,,,,,,,,,,,,,,,,,,,,,,,,,,,,,,,,,,,,,,,,,,,,,,,,,,,,,,,,,,,,,,,,,,,,,,,,,,,,,,,,,,,,,,,,,,,,,,,,,
,,,,,,,,,,,,,,,,,,,,,,,,,,,,,,,,,,,,,,,,,,,,,,,,,,,,,,,,,,,,,,,,,,,,,,,,,,,,,,,,,,,,,,,,,,,,,,,,,,,,,,,,,,,
,,,,,,,,,,,,,,,,,,,,,,,,,,,,,,,,,,,,,,,,,,,,,,,,,,,,,,,,,,,,,,,,,,,,,,,,,,,,,,,,,,,,,,,,,,,,,,,,,,,,,,,,,,,
,,,,,,,,,,,,,,,,,,,,,,,,,,,,,,,,,,,,,,,,,,,,,,,,,,,,,,,,,,,,,,,,,,,,,,,,,,,,,,,,,,,,,,,,,,,,,,,,,,,,,,,,,,,
,,,,,,,,,,,,,,,,,,,,,,,,,,,,,,,,,,,,,,,,,,,,,,,,,,,,,,,,,,,,,,,,,,,,,,,,,,,,,,,,,,,,,,,,,,,,,,,,,,,,,,,,,,,
,,,,,,,,,,,,,,,,,,,,,,,,,,,,,,,,,,,,,,,,,,,,,,,,,,,,,,,,,,,,,,,,,,,,,,,,,,,,,,,,,,,,,,,,,,,,,,,,,,,,,,,,,,,
,,,,,,,,,,,,,,,,,,,,,,,,,,,,,,,,,,,,,,,,,,,,,,,,,,,,,,,,,,,,,,,,,,,,,,,,,,,,,,,,,,,,,,,,,,,,,,,,,,,,,,,,,,,
,,,,,,,,,,,,,,,,,,,,,,,,,,,,,,,,,,,,,,,,,,,,,,,,,,,,,,,,,,,,,,,,,,,,,,,,,,,,,,,,,,,,,,,,,,,,,,,,,,,,,,,,,,,
,,,,,,,,,,,,,,,,,,,,,,,,,,,,,,,,,,,,,,,,,,,,,,,,,,,,,,,,,,,,,,,,,,,,,,,,,,,,,,,,,,,,,,,,,,,,,,,,,,,,,,,,,,,
,,,,,,,,,,,,,,,,,,,,,,,,,,,,,,,,,,,,,,,,,,,,,,,,,,,,,,,,,,,,,,,,,,,,,,,,,,,,,,,,,,,,,,,,,,,,,,,,,,,,,,,,,,,
,,,,,,,,,,,,,,,,,,,,,,,,,,,,,,,,,,,,,,,,,,,,,,,,,,,,,,,,,,,,,,,,,,,,,,,,,,,,,,,,,,,,,,,,,,,,,,,,,,,,,,,,,,,
,,,,,,,,,,,,,,,,,,,,,,,,,,,,,,,,,,,,,,,,,,,,,,,,,,,,,,,,,,,,,,,,,,,,,,,,,,,,,,,,,,,,,,,,,,,,,,,,,,,,,,,,,,,
,,,,,,,,,,,,,,,,,,,,,,,,,,,,,,,,,,,,,,,,,,,,,,,,,,,,,,,,,,,,,,,,,,,,,,,,,,,,,,,,,,,,,,,,,,,,,,,,,,,,,,,,,,,
,,,,,,,,,,,,,,,,,,,,,,,,,,,,,,,,,,,,,,,,,,,,,,,,,,,,,,,,,,,,,,,,,,,,,,,,,,,,,,,,,,,,,,,,,,,,,,,,,,,,,,,,,,,
,,,,,,,,,,,,,,,,,,,,,,,,,,,,,,,,,,,,,,,,,,,,,,,,,,,,,,,,,,,,,,,,,,,,,,,,,,,,,,,,,,,,,,,,,,,,,,,,,,,,,,,,,,,
,,,,,,,,,,,,,,,,,,,,,,,,,,,,,,,,,,,,,,,,,,,,,,,,,,,,,,,,,,,,,,,,,,,,,,,,,,,,,,,,,,,,,,,,,,,,,,,,,,,,,,,,,,,
,,,,,,,,,,,,0.300000012,0.300000012,0.300000012,0.300000012,0.300000012,-0.899999988,-1.299999988,10,10,10,10,10,10,10,10,10,10,10,10,10,10,10,10,10,10,10,10,10,10,10,10,10,,,,,,,,,,,,,,,,,,,,,,,,,,,,,,,,,,,,,,,,,,,,,,,,,,,,,,,,,,,,,,,,
